degree,in_degree,out_degree,reciprocity,coreness,trussness,triangles,clustering,avg_nbr_degree,max_nbr_degree,sum_nbr_coreness,nbr_degree_hindex,two_hop_reach,collective_influence_2,pagerank,eigenvector,forman_mean,forman_min,forman_std,frac_negative_forman,node,spread,influencer
1.0,1.0,0.0,0.0,1.0,2.0,0.0,0.0,398.0,398.0,66.0,1.0,398.0,0.0,2.8745299955277102e-06,0.00012545859000342595,-395.0,-395.0,0.0,1.0,20386,2.34,0
1.0,0.0,1.0,0.0,1.0,2.0,0.0,0.0,260.0,260.0,59.0,1.0,260.0,0.0,2.907367787024551e-06,8.232155331441535e-05,-257.0,-257.0,0.0,1.0,31369,11.659,0
1.0,0.0,1.0,0.0,1.0,2.0,0.0,0.0,60.0,60.0,33.0,1.0,60.0,0.0,2.9999008979434635e-06,2.0996776410154003e-05,-57.0,-57.0,0.0,1.0,26282,2.345,0
1.0,0.0,1.0,0.0,1.0,2.0,0.0,0.0,225.0,225.0,59.0,1.0,225.0,0.0,2.8029663146848995e-06,6.387418371376643e-05,-222.0,-222.0,0.0,1.0,21291,3.766,0
1.0,0.0,1.0,0.0,1.0,2.0,0.0,0.0,222.0,222.0,66.0,1.0,222.0,0.0,2.7073404014803518e-06,9.436915928289105e-05,-219.0,-219.0,0.0,1.0,20748,6.475,0
1.0,1.0,0.0,0.0,1.0,2.0,0.0,0.0,325.0,325.0,65.0,1.0,325.0,0.0,2.8588696773654374e-06,0.00011021590368968813,-322.0,-322.0,0.0,1.0,28395,1.012,0
1.0,1.0,1.0,1.0,1.0,2.0,0.0,0.0,145.0,145.0,56.0,1.0,145.0,0.0,2.786162031328749e-06,5.626219243091138e-05,-142.0,-142.0,0.0,1.0,11485,5.143,0
1.0,0.0,1.0,0.0,1.0,2.0,0.0,0.0,92.0,92.0,42.0,1.0,92.0,0.0,2.9388086381529114e-06,3.124041738991084e-05,-89.0,-89.0,0.0,1.0,17029,2.42,0
1.0,1.0,1.0,1.0,1.0,2.0,0.0,0.0,282.0,282.0,66.0,1.0,282.0,0.0,2.98369645606169e-06,9.397777165910269e-05,-279.0,-279.0,0.0,1.0,11977,3.887,0
1.0,0.0,1.0,0.0,1.0,2.0,0.0,0.0,170.0,170.0,66.0,1.0,170.0,0.0,2.657936856018359e-06,9.497823075841713e-05,-167.0,-167.0,0.0,1.0,27116,2.375,0
1.0,0.0,1.0,0.0,1.0,2.0,0.0,0.0,851.0,851.0,67.0,1.0,851.0,0.0,2.8296704421565193e-06,0.0003140238404956311,-848.0,-848.0,0.0,1.0,12492,8.855,0
1.0,0.0,1.0,0.0,1.0,2.0,0.0,0.0,156.0,156.0,53.0,1.0,156.0,0.0,3.3804474720216537e-06,4.3593880803194366e-05,-153.0,-153.0,0.0,1.0,22077,8.865,0
1.0,0.0,1.0,0.0,1.0,2.0,0.0,0.0,117.0,117.0,58.0,1.0,117.0,0.0,2.7993903140914186e-06,5.54602219602318e-05,-114.0,-114.0,0.0,1.0,20055,2.516,0
1.0,1.0,0.0,0.0,1.0,2.0,0.0,0.0,48.0,48.0,36.0,1.0,48.0,0.0,2.7858939387306075e-06,3.0098383697284952e-05,-45.0,-45.0,0.0,1.0,29172,1.005,0
1.0,0.0,1.0,0.0,1.0,2.0,0.0,0.0,193.0,193.0,60.0,1.0,193.0,0.0,2.847510167517898e-06,6.205734994174653e-05,-190.0,-190.0,0.0,1.0,18160,3.845,0
1.0,0.0,1.0,0.0,1.0,2.0,0.0,0.0,149.0,149.0,58.0,1.0,149.0,0.0,2.8645490770548076e-06,5.916569259303109e-05,-146.0,-146.0,0.0,1.0,26700,4.97,0
1.0,0.0,1.0,0.0,1.0,2.0,0.0,0.0,154.0,154.0,44.0,1.0,154.0,0.0,3.064580470500477e-06,2.9837847298520346e-05,-151.0,-151.0,0.0,1.0,29487,1.011,0
1.0,0.0,1.0,0.0,1.0,2.0,0.0,0.0,230.0,230.0,67.0,1.0,230.0,0.0,2.7595919458533253e-06,0.0001377942237410631,-227.0,-227.0,0.0,1.0,13375,10.586,0
1.0,1.0,0.0,0.0,1.0,2.0,0.0,0.0,17.0,17.0,14.0,1.0,17.0,0.0,2.9906773598405643e-06,1.1587246140845208e-05,-14.0,-14.0,0.0,1.0,30331,1.011,0
1.0,0.0,1.0,0.0,1.0,2.0,0.0,0.0,92.0,92.0,46.0,1.0,92.0,0.0,2.7963293616766683e-06,4.793158200156755e-05,-89.0,-89.0,0.0,1.0,31900,3.723,0
1.0,0.0,1.0,0.0,1.0,2.0,0.0,0.0,385.0,385.0,67.0,1.0,385.0,0.0,3.1593480796096172e-06,0.00014879877915824235,-382.0,-382.0,0.0,1.0,14146,6.097,0
1.0,0.0,1.0,0.0,1.0,2.0,0.0,0.0,23.0,23.0,3.0,1.0,23.0,0.0,5.402262170199821e-06,2.708841078184764e-06,-20.0,-20.0,0.0,1.0,31027,1.008,0
1.0,0.0,1.0,0.0,1.0,2.0,0.0,0.0,397.0,397.0,66.0,1.0,397.0,0.0,2.9393161815988507e-06,0.0001026021793985189,-394.0,-394.0,0.0,1.0,30456,6.352,0
1.0,0.0,1.0,0.0,1.0,2.0,0.0,0.0,115.0,115.0,63.0,1.0,115.0,0.0,2.689840242874055e-06,7.959955250906325e-05,-112.0,-112.0,0.0,1.0,10302,2.293,0
1.0,0.0,1.0,0.0,1.0,2.0,0.0,0.0,238.0,238.0,67.0,1.0,238.0,0.0,2.6429001854878608e-06,0.0001366572124185984,-235.0,-235.0,0.0,1.0,11826,11.713,0
1.0,0.0,1.0,0.0,1.0,2.0,0.0,0.0,154.0,154.0,44.0,1.0,154.0,0.0,3.064580470500477e-06,2.9837847298520346e-05,-151.0,-151.0,0.0,1.0,29480,3.497,0
1.0,0.0,1.0,0.0,1.0,2.0,0.0,0.0,116.0,116.0,54.0,1.0,116.0,0.0,2.790861148998289e-06,6.406366670897198e-05,-113.0,-113.0,0.0,1.0,28809,2.334,0
1.0,0.0,1.0,0.0,1.0,2.0,0.0,0.0,126.0,126.0,66.0,1.0,126.0,0.0,2.6543080972965134e-06,9.189284414992502e-05,-123.0,-123.0,0.0,1.0,12988,2.377,0
1.0,1.0,0.0,0.0,1.0,2.0,0.0,0.0,253.0,253.0,66.0,1.0,253.0,0.0,2.8337518467700117e-06,0.00012351900135084982,-250.0,-250.0,0.0,1.0,28051,11.507,0
1.0,0.0,1.0,0.0,1.0,2.0,0.0,0.0,28.0,28.0,24.0,1.0,28.0,0.0,2.808017417622957e-06,1.6940090305576843e-05,-25.0,-25.0,0.0,1.0,10987,1.013,0
1.0,1.0,0.0,0.0,1.0,2.0,0.0,0.0,1682.0,1682.0,67.0,1.0,1682.0,0.0,3.2914617362127974e-06,0.0003120623549721256,-1679.0,-1679.0,0.0,1.0,14354,8.28,0
1.0,0.0,1.0,0.0,1.0,2.0,0.0,0.0,145.0,145.0,43.0,1.0,145.0,0.0,3.138984381658052e-06,2.6913594389638852e-05,-142.0,-142.0,0.0,1.0,23449,3.835,0
1.0,1.0,1.0,1.0,1.0,2.0,0.0,0.0,6.0,6.0,3.0,1.0,6.0,0.0,3.732985948290776e-06,1.2798476159669117e-06,-3.0,-3.0,0.0,1.0,26903,1.006,0
1.0,1.0,0.0,0.0,1.0,2.0,0.0,0.0,512.0,512.0,65.0,1.0,512.0,0.0,3.144230624139113e-06,0.00011199997796408989,-509.0,-509.0,0.0,1.0,22680,6.84,0
1.0,0.0,1.0,0.0,1.0,2.0,0.0,0.0,33.0,33.0,26.0,1.0,33.0,0.0,2.7770383848486374e-06,1.9827902601932342e-05,-30.0,-30.0,0.0,1.0,23233,2.301,0
1.0,1.0,1.0,1.0,1.0,2.0,0.0,0.0,143.0,143.0,58.0,1.0,143.0,0.0,2.811625591290628e-06,6.878540349906212e-05,-140.0,-140.0,0.0,1.0,15999,5.294,0
1.0,0.0,1.0,0.0,1.0,2.0,0.0,0.0,84.0,84.0,37.0,1.0,84.0,0.0,2.8958660832167477e-06,2.8124469355528273e-05,-81.0,-81.0,0.0,1.0,30718,1.01,0
1.0,1.0,0.0,0.0,1.0,2.0,0.0,0.0,63.0,63.0,26.0,1.0,63.0,0.0,3.3992047643391964e-06,1.826112204369333e-05,-60.0,-60.0,0.0,1.0,28514,2.438,0
1.0,0.0,1.0,0.0,1.0,2.0,0.0,0.0,348.0,348.0,66.0,1.0,348.0,0.0,2.660695792415667e-06,0.00013911399156720997,-345.0,-345.0,0.0,1.0,25600,6.896,0
1.0,0.0,1.0,0.0,1.0,2.0,0.0,0.0,249.0,249.0,62.0,1.0,249.0,0.0,2.833290794074229e-06,8.579347665839606e-05,-246.0,-246.0,0.0,1.0,28270,7.959,0
1.0,0.0,1.0,0.0,1.0,2.0,0.0,0.0,316.0,316.0,67.0,1.0,316.0,0.0,2.649884245625388e-06,0.00014547011799490036,-313.0,-313.0,0.0,1.0,8691,6.368,0
1.0,0.0,1.0,0.0,1.0,2.0,0.0,0.0,96.0,96.0,43.0,1.0,96.0,0.0,2.8529893764016533e-06,1.743736216195416e-05,-93.0,-93.0,0.0,1.0,29684,1.06,0
1.0,0.0,1.0,0.0,1.0,2.0,0.0,0.0,73.0,73.0,39.0,1.0,73.0,0.0,2.9986597627966897e-06,2.0749454298447193e-05,-70.0,-70.0,0.0,1.0,23288,2.36,0
1.0,0.0,1.0,0.0,1.0,2.0,0.0,0.0,160.0,160.0,65.0,1.0,160.0,0.0,2.6762816919393632e-06,8.417384495290072e-05,-157.0,-157.0,0.0,1.0,18665,4.987,0
1.0,1.0,1.0,1.0,1.0,2.0,0.0,0.0,155.0,155.0,64.0,1.0,155.0,0.0,2.759353436471076e-06,8.43680709336431e-05,-152.0,-152.0,0.0,1.0,20482,9.435,0
1.0,0.0,1.0,0.0,1.0,2.0,0.0,0.0,355.0,355.0,66.0,1.0,355.0,0.0,2.740563540383262e-06,0.00013917998690686349,-352.0,-352.0,0.0,1.0,21592,5.325,0
1.0,1.0,1.0,1.0,1.0,2.0,0.0,0.0,424.0,424.0,66.0,1.0,424.0,0.0,2.840339868677806e-06,0.00012174729516268199,-421.0,-421.0,0.0,1.0,25419,3.761,0
1.0,0.0,1.0,0.0,1.0,2.0,0.0,0.0,664.0,664.0,67.0,1.0,664.0,0.0,2.7081834870854636e-06,0.00028182778482891476,-661.0,-661.0,0.0,1.0,7363,11.362,0
1.0,0.0,1.0,0.0,1.0,2.0,0.0,0.0,167.0,167.0,58.0,1.0,167.0,0.0,2.807694710183268e-06,5.8072931332655746e-05,-164.0,-164.0,0.0,1.0,27952,6.495,0
1.0,0.0,1.0,0.0,1.0,2.0,0.0,0.0,385.0,385.0,67.0,1.0,385.0,0.0,3.1593480796096172e-06,0.00014879877915824235,-382.0,-382.0,0.0,1.0,14154,9.536,0
1.0,1.0,0.0,0.0,1.0,2.0,0.0,0.0,285.0,285.0,67.0,1.0,285.0,0.0,2.6816519012584865e-06,0.00014742148271985563,-282.0,-282.0,0.0,1.0,25781,11.882,0
1.0,0.0,1.0,0.0,1.0,2.0,0.0,0.0,13.0,13.0,10.0,1.0,13.0,0.0,2.9270922457292217e-06,4.424309414586976e-06,-10.0,-10.0,0.0,1.0,30646,1.011,0
1.0,0.0,1.0,0.0,1.0,2.0,0.0,0.0,70.0,70.0,44.0,1.0,70.0,0.0,2.8702557875838968e-06,3.692968399359932e-05,-67.0,-67.0,0.0,1.0,26513,2.302,0
1.0,1.0,0.0,0.0,1.0,2.0,0.0,0.0,176.0,176.0,66.0,1.0,176.0,0.0,2.724780986430313e-06,0.00010286350318981721,-173.0,-173.0,0.0,1.0,18030,3.688,0
1.0,1.0,0.0,0.0,1.0,2.0,0.0,0.0,176.0,176.0,62.0,1.0,176.0,0.0,3.0116386665870747e-06,7.093851261617084e-05,-173.0,-173.0,0.0,1.0,20641,6.586,0
1.0,0.0,1.0,0.0,1.0,2.0,0.0,0.0,78.0,78.0,29.0,1.0,78.0,0.0,2.9755117526174637e-06,1.5446461231347417e-05,-75.0,-75.0,0.0,1.0,21222,1.011,0
1.0,0.0,1.0,0.0,1.0,2.0,0.0,0.0,23.0,23.0,3.0,1.0,23.0,0.0,5.402262170199821e-06,2.708841078184764e-06,-20.0,-20.0,0.0,1.0,31024,1.014,0
1.0,0.0,1.0,0.0,1.0,2.0,0.0,0.0,69.0,69.0,50.0,1.0,69.0,0.0,2.6582172901964672e-06,5.286712977165189e-05,-66.0,-66.0,0.0,1.0,22396,1.014,0
1.0,1.0,1.0,1.0,1.0,2.0,0.0,0.0,264.0,264.0,66.0,1.0,264.0,0.0,2.8899495616868782e-06,0.00010475691055900707,-261.0,-261.0,0.0,1.0,27431,6.466,0
1.0,0.0,1.0,0.0,1.0,2.0,0.0,0.0,257.0,257.0,67.0,1.0,257.0,0.0,2.7043599415317683e-06,0.00014736510416829855,-254.0,-254.0,0.0,1.0,27682,3.972,0
1.0,0.0,1.0,0.0,1.0,2.0,0.0,0.0,403.0,403.0,67.0,1.0,403.0,0.0,2.7466212347849076e-06,0.00014671144614966035,-400.0,-400.0,0.0,1.0,19026,5.131,0
1.0,1.0,0.0,0.0,1.0,2.0,0.0,0.0,193.0,193.0,66.0,1.0,193.0,0.0,2.7593757447342817e-06,9.445351304279638e-05,-190.0,-190.0,0.0,1.0,18111,5.186,0
1.0,1.0,1.0,1.0,1.0,2.0,0.0,0.0,48.0,48.0,27.0,1.0,48.0,0.0,2.897559049532034e-06,1.567789123102821e-05,-45.0,-45.0,0.0,1.0,28211,2.298,0
1.0,0.0,1.0,0.0,1.0,2.0,0.0,0.0,222.0,222.0,67.0,1.0,222.0,0.0,2.667304561458337e-06,0.00014282369190891258,-219.0,-219.0,0.0,1.0,7736,17.12,0
1.0,0.0,1.0,0.0,1.0,2.0,0.0,0.0,119.0,119.0,52.0,1.0,119.0,0.0,2.8194132342569136e-06,4.6261916017423375e-05,-116.0,-116.0,0.0,1.0,25584,2.351,0
1.0,0.0,1.0,0.0,1.0,2.0,0.0,0.0,74.0,74.0,43.0,1.0,74.0,0.0,2.893479417364098e-06,3.742110213972124e-05,-71.0,-71.0,0.0,1.0,26574,2.376,0
1.0,1.0,1.0,1.0,1.0,2.0,0.0,0.0,106.0,106.0,55.0,1.0,106.0,0.0,2.768142439066537e-06,4.7658916520876015e-05,-103.0,-103.0,0.0,1.0,29276,4.986,0
1.0,0.0,1.0,0.0,1.0,2.0,0.0,0.0,3.0,3.0,2.0,1.0,3.0,0.0,3.9715162368330036e-06,3.5003096072507882e-06,0.0,0.0,0.0,0.0,8338,1.007,0
1.0,1.0,1.0,1.0,1.0,2.0,0.0,0.0,227.0,227.0,67.0,1.0,227.0,0.0,2.7133571664067113e-06,0.00010526322131394223,-224.0,-224.0,0.0,1.0,15521,5.13,0
1.0,0.0,1.0,0.0,1.0,2.0,0.0,0.0,288.0,288.0,67.0,1.0,288.0,0.0,2.6872253182726023e-06,0.00019458314360550394,-285.0,-285.0,0.0,1.0,9061,6.22,0
1.0,0.0,1.0,0.0,1.0,2.0,0.0,0.0,36.0,36.0,25.0,1.0,36.0,0.0,2.808097323989541e-06,1.6550868571572978e-05,-33.0,-33.0,0.0,1.0,31912,1.015,0
1.0,0.0,1.0,0.0,1.0,2.0,0.0,0.0,167.0,167.0,58.0,1.0,167.0,0.0,2.807694710183268e-06,5.8072931332655746e-05,-164.0,-164.0,0.0,1.0,27940,3.84,0
1.0,1.0,1.0,1.0,1.0,2.0,0.0,0.0,70.0,70.0,42.0,1.0,70.0,0.0,2.7883190149802532e-06,4.1094479320078484e-05,-67.0,-67.0,0.0,1.0,5647,2.347,0
1.0,0.0,1.0,0.0,1.0,2.0,0.0,0.0,45.0,45.0,37.0,1.0,45.0,0.0,2.660045772641897e-06,2.5977165699322853e-05,-42.0,-42.0,0.0,1.0,29775,3.832,0
1.0,0.0,1.0,0.0,1.0,2.0,0.0,0.0,27.0,27.0,14.0,1.0,27.0,0.0,3.645441635771853e-06,9.976224353046461e-06,-24.0,-24.0,0.0,1.0,26835,2.584,0
1.0,1.0,0.0,0.0,1.0,2.0,0.0,0.0,30.0,30.0,12.0,1.0,30.0,0.0,3.4959003473367006e-06,1.152707164491344e-05,-27.0,-27.0,0.0,1.0,20333,1.014,0
1.0,1.0,0.0,0.0,1.0,2.0,0.0,0.0,61.0,61.0,38.0,1.0,61.0,0.0,2.819987349177401e-06,3.052790432421494e-05,-58.0,-58.0,0.0,1.0,29838,2.455,0
1.0,1.0,0.0,0.0,1.0,2.0,0.0,0.0,83.0,83.0,55.0,1.0,83.0,0.0,2.736408202405896e-06,5.951958727726394e-05,-80.0,-80.0,0.0,1.0,13171,1.017,0
1.0,1.0,0.0,0.0,1.0,2.0,0.0,0.0,523.0,523.0,67.0,1.0,523.0,0.0,2.7088616362120553e-06,0.00025126527223001856,-520.0,-520.0,0.0,1.0,17924,8.181,0
1.0,1.0,0.0,0.0,1.0,2.0,0.0,0.0,1599.0,1599.0,67.0,1.0,1599.0,0.0,2.815036828028925e-06,0.0004504796125110837,-1596.0,-1596.0,0.0,1.0,7214,10.085,0
1.0,0.0,1.0,0.0,1.0,2.0,0.0,0.0,257.0,257.0,61.0,1.0,257.0,0.0,2.9202085448837146e-06,6.884463937939934e-05,-254.0,-254.0,0.0,1.0,8887,3.941,0
1.0,0.0,1.0,0.0,1.0,2.0,0.0,0.0,156.0,156.0,53.0,1.0,156.0,0.0,3.3804474720216537e-06,4.3593880803194366e-05,-153.0,-153.0,0.0,1.0,22081,3.863,0
1.0,1.0,0.0,0.0,1.0,2.0,0.0,0.0,91.0,91.0,53.0,1.0,91.0,0.0,2.7370166367800343e-06,4.951558807551402e-05,-88.0,-88.0,0.0,1.0,31922,7.772,0
1.0,1.0,1.0,1.0,1.0,2.0,0.0,0.0,9.0,9.0,8.0,1.0,9.0,0.0,3.0348319962911504e-06,6.873185159501598e-06,-6.0,-6.0,0.0,1.0,20272,1.007,0
1.0,0.0,1.0,0.0,1.0,2.0,0.0,0.0,191.0,191.0,60.0,1.0,191.0,0.0,2.869063366529469e-06,6.559666338790541e-05,-188.0,-188.0,0.0,1.0,16640,7.556,0
1.0,1.0,1.0,1.0,1.0,2.0,0.0,0.0,3.0,3.0,2.0,1.0,3.0,0.0,3.833906918947249e-06,1.4156106600229323e-06,0.0,0.0,0.0,0.0,28988,1.008,0
1.0,0.0,1.0,0.0,1.0,2.0,0.0,0.0,143.0,143.0,62.0,1.0,143.0,0.0,2.7568938028595106e-06,8.114732906649221e-05,-140.0,-140.0,0.0,1.0,25340,3.555,0
1.0,0.0,1.0,0.0,1.0,2.0,0.0,0.0,77.0,77.0,47.0,1.0,77.0,0.0,2.772431029335959e-06,4.374528556608099e-05,-74.0,-74.0,0.0,1.0,26384,1.005,0
1.0,0.0,1.0,0.0,1.0,2.0,0.0,0.0,386.0,386.0,66.0,1.0,386.0,0.0,2.8903297856119623e-06,0.00012927256337890838,-383.0,-383.0,0.0,1.0,21426,10.019,0
1.0,0.0,1.0,0.0,1.0,2.0,0.0,0.0,215.0,215.0,62.0,1.0,215.0,0.0,2.763783940988122e-06,8.593305329578842e-05,-212.0,-212.0,0.0,1.0,28425,2.34,0
1.0,1.0,0.0,0.0,1.0,2.0,0.0,0.0,161.0,161.0,62.0,1.0,161.0,0.0,2.783673765340313e-06,8.203806883443632e-05,-158.0,-158.0,0.0,1.0,19408,3.721,0
1.0,1.0,0.0,0.0,1.0,2.0,0.0,0.0,185.0,185.0,46.0,1.0,185.0,0.0,3.060674685590552e-06,4.5637918959323897e-05,-182.0,-182.0,0.0,1.0,17677,2.428,0
1.0,0.0,1.0,0.0,1.0,2.0,0.0,0.0,97.0,97.0,51.0,1.0,97.0,0.0,2.736078830193636e-06,5.5210073067910366e-05,-94.0,-94.0,0.0,1.0,27738,3.603,0
1.0,1.0,0.0,0.0,1.0,2.0,0.0,0.0,298.0,298.0,67.0,1.0,298.0,0.0,2.7011490491569715e-06,0.00021342603771031348,-295.0,-295.0,0.0,1.0,10502,5.028,0
1.0,0.0,1.0,0.0,1.0,2.0,0.0,0.0,246.0,246.0,65.0,1.0,246.0,0.0,2.8477942106606637e-06,8.558417265182197e-05,-243.0,-243.0,0.0,1.0,26620,3.729,0
1.0,1.0,0.0,0.0,1.0,2.0,0.0,0.0,53.0,53.0,30.0,1.0,53.0,0.0,2.8709516502639756e-06,2.114986325958945e-05,-50.0,-50.0,0.0,1.0,17165,2.417,0
1.0,0.0,1.0,0.0,1.0,2.0,0.0,0.0,121.0,121.0,65.0,1.0,121.0,0.0,2.627958420143014e-06,8.12680562896374e-05,-118.0,-118.0,0.0,1.0,8515,6.253,0
1.0,0.0,1.0,0.0,1.0,2.0,0.0,0.0,25.0,25.0,14.0,1.0,25.0,0.0,3.400997345688088e-06,4.2953174874993655e-06,-22.0,-22.0,0.0,1.0,23776,1.011,0
1.0,1.0,1.0,1.0,1.0,2.0,0.0,0.0,185.0,185.0,66.0,1.0,185.0,0.0,2.691314338093448e-06,9.148695436067767e-05,-182.0,-182.0,0.0,1.0,20726,5.328,0
1.0,0.0,1.0,0.0,1.0,2.0,0.0,0.0,154.0,154.0,44.0,1.0,154.0,0.0,3.064580470500477e-06,2.9837847298520346e-05,-151.0,-151.0,0.0,1.0,29485,1.039,0
1.0,0.0,1.0,0.0,1.0,2.0,0.0,0.0,97.0,97.0,47.0,1.0,97.0,0.0,2.936238157518803e-06,4.47048722642027e-05,-94.0,-94.0,0.0,1.0,42661,5.192,0
1.0,1.0,0.0,0.0,1.0,2.0,0.0,0.0,43.0,43.0,23.0,1.0,43.0,0.0,2.973757011957609e-06,1.4267848975593737e-05,-40.0,-40.0,0.0,1.0,39791,7.524,0
1.0,1.0,0.0,0.0,1.0,2.0,0.0,0.0,27.0,27.0,23.0,1.0,27.0,0.0,2.7252680661530516e-06,2.3003547454863546e-05,-24.0,-24.0,0.0,1.0,35824,2.488,0
1.0,0.0,1.0,0.0,1.0,2.0,0.0,0.0,17.0,17.0,14.0,1.0,17.0,0.0,2.8579053158496745e-06,5.868866895643072e-06,-14.0,-14.0,0.0,1.0,44389,1.005,0
1.0,0.0,1.0,0.0,1.0,2.0,0.0,0.0,32.0,32.0,22.0,1.0,32.0,0.0,2.8838183124636893e-06,1.732345337816943e-05,-29.0,-29.0,0.0,1.0,34042,1.008,0
1.0,0.0,1.0,0.0,1.0,2.0,0.0,0.0,72.0,72.0,30.0,1.0,72.0,0.0,3.0565438773065727e-06,1.9562441830417156e-05,-69.0,-69.0,0.0,1.0,35382,2.409,0
1.0,0.0,1.0,0.0,1.0,2.0,0.0,0.0,85.0,85.0,38.0,1.0,85.0,0.0,3.0397206873464162e-06,1.606591189431988e-05,-82.0,-82.0,0.0,1.0,37861,3.524,0
1.0,0.0,1.0,0.0,1.0,2.0,0.0,0.0,107.0,107.0,44.0,1.0,107.0,0.0,2.944429073135859e-06,2.6976358621915842e-05,-104.0,-104.0,0.0,1.0,40095,1.03,0
1.0,1.0,0.0,0.0,1.0,2.0,0.0,0.0,42.0,42.0,14.0,1.0,42.0,0.0,3.5299275276127147e-06,6.951215299005245e-06,-39.0,-39.0,0.0,1.0,42017,1.008,0
1.0,0.0,1.0,0.0,1.0,2.0,0.0,0.0,72.0,72.0,40.0,1.0,72.0,0.0,2.8957631775956162e-06,3.026376826582486e-05,-69.0,-69.0,0.0,1.0,36074,3.86,0
1.0,1.0,0.0,0.0,1.0,2.0,0.0,0.0,33.0,33.0,18.0,1.0,33.0,0.0,3.3284822416635138e-06,8.654507393878124e-06,-30.0,-30.0,0.0,1.0,37702,1.006,0
1.0,0.0,1.0,0.0,1.0,2.0,0.0,0.0,192.0,192.0,54.0,1.0,192.0,0.0,2.8433952776239807e-06,5.453512948259899e-05,-189.0,-189.0,0.0,1.0,39890,2.351,0
1.0,1.0,0.0,0.0,1.0,2.0,0.0,0.0,48.0,48.0,23.0,1.0,48.0,0.0,3.12397840387015e-06,7.667796788791725e-06,-45.0,-45.0,0.0,1.0,34393,1.045,0
1.0,0.0,1.0,0.0,1.0,2.0,0.0,0.0,228.0,228.0,41.0,1.0,228.0,0.0,3.1963898526336497e-06,2.3931777490735074e-05,-225.0,-225.0,0.0,1.0,38666,2.33,0
1.0,1.0,0.0,0.0,1.0,2.0,0.0,0.0,17.0,17.0,14.0,1.0,17.0,0.0,2.889152203501174e-06,8.220232957008734e-06,-14.0,-14.0,0.0,1.0,45036,2.258,0
1.0,1.0,0.0,0.0,1.0,2.0,0.0,0.0,24.0,24.0,14.0,1.0,24.0,0.0,2.9802227469608005e-06,4.890146349666899e-06,-21.0,-21.0,0.0,1.0,42633,1.01,0
1.0,0.0,1.0,0.0,1.0,2.0,0.0,0.0,80.0,80.0,35.0,1.0,80.0,0.0,3.056721612442511e-06,1.9378096362053655e-05,-77.0,-77.0,0.0,1.0,35282,2.359,0
1.0,0.0,1.0,0.0,1.0,2.0,0.0,0.0,305.0,305.0,66.0,1.0,305.0,0.0,2.7611418160341123e-06,0.00011598718493735968,-302.0,-302.0,0.0,1.0,35073,4.876,0
1.0,0.0,1.0,0.0,1.0,2.0,0.0,0.0,4.0,4.0,2.0,1.0,4.0,0.0,4.126117430716882e-06,1.3754546945814047e-06,-1.0,-1.0,0.0,1.0,35920,1.002,0
1.0,1.0,0.0,0.0,1.0,2.0,0.0,0.0,135.0,135.0,38.0,1.0,135.0,0.0,3.259713922929636e-06,2.411428936601915e-05,-132.0,-132.0,0.0,1.0,39983,2.301,0
1.0,0.0,1.0,0.0,1.0,2.0,0.0,0.0,77.0,77.0,35.0,1.0,77.0,0.0,2.7503453546748715e-06,9.964434803351347e-06,-74.0,-74.0,0.0,1.0,44418,2.22,0
1.0,1.0,1.0,1.0,1.0,2.0,0.0,0.0,11.0,11.0,7.0,1.0,11.0,0.0,3.4915518706741042e-06,2.6419752777547613e-06,-8.0,-8.0,0.0,1.0,39814,1.014,0
1.0,1.0,0.0,0.0,1.0,2.0,0.0,0.0,64.0,64.0,37.0,1.0,64.0,0.0,2.7849147858656304e-06,1.9881570557568474e-05,-61.0,-61.0,0.0,1.0,37297,2.355,0
1.0,1.0,0.0,0.0,1.0,2.0,0.0,0.0,13.0,13.0,10.0,1.0,13.0,0.0,2.954470108613568e-06,7.2711788187704755e-06,-10.0,-10.0,0.0,1.0,45698,1.009,0
1.0,1.0,0.0,0.0,1.0,2.0,0.0,0.0,135.0,135.0,38.0,1.0,135.0,0.0,3.259713922929636e-06,2.411428936601915e-05,-132.0,-132.0,0.0,1.0,39979,3.529,0
1.0,0.0,1.0,0.0,1.0,2.0,0.0,0.0,94.0,94.0,55.0,1.0,94.0,0.0,2.7521020889657648e-06,5.1270138933570685e-05,-91.0,-91.0,0.0,1.0,43211,6.734,0
1.0,0.0,1.0,0.0,1.0,2.0,0.0,0.0,581.0,581.0,66.0,1.0,581.0,0.0,2.8805725800002965e-06,0.00015464084151850716,-578.0,-578.0,0.0,1.0,37050,6.363,0
1.0,0.0,1.0,0.0,1.0,2.0,0.0,0.0,139.0,139.0,43.0,1.0,139.0,0.0,3.04667946357792e-06,2.9213348398282635e-05,-136.0,-136.0,0.0,1.0,34541,3.75,0
1.0,0.0,1.0,0.0,1.0,2.0,0.0,0.0,5.0,5.0,4.0,1.0,5.0,0.0,3.358970471059701e-06,2.5896577531983013e-06,-2.0,-2.0,0.0,1.0,45105,2.389,0
1.0,0.0,1.0,0.0,1.0,2.0,0.0,0.0,115.0,115.0,32.0,1.0,115.0,0.0,3.981128444713332e-06,2.652035635528604e-05,-112.0,-112.0,0.0,1.0,43679,3.392,0
1.0,1.0,0.0,0.0,1.0,2.0,0.0,0.0,25.0,25.0,13.0,1.0,25.0,0.0,3.280165537885203e-06,6.704800998113538e-06,-22.0,-22.0,0.0,1.0,41001,2.412,0
1.0,1.0,0.0,0.0,1.0,2.0,0.0,0.0,36.0,36.0,18.0,1.0,36.0,0.0,3.2170961621797064e-06,1.0583265873899606e-05,-33.0,-33.0,0.0,1.0,42168,1.014,0
1.0,1.0,0.0,0.0,1.0,2.0,0.0,0.0,102.0,102.0,14.0,1.0,102.0,0.0,4.72652946972801e-06,3.995815292920258e-06,-99.0,-99.0,0.0,1.0,44055,1.019,0
1.0,1.0,1.0,1.0,1.0,2.0,0.0,0.0,139.0,139.0,50.0,1.0,139.0,0.0,2.6656676744568637e-06,3.773183297608785e-05,-136.0,-136.0,0.0,1.0,33198,3.659,0
1.0,0.0,1.0,0.0,1.0,2.0,0.0,0.0,110.0,110.0,55.0,1.0,110.0,0.0,3.0059739058204545e-06,6.340418609312837e-05,-107.0,-107.0,0.0,1.0,43558,5.015,0
1.0,1.0,0.0,0.0,1.0,2.0,0.0,0.0,14.0,14.0,12.0,1.0,14.0,0.0,2.9770005374836856e-06,6.996407200049051e-06,-11.0,-11.0,0.0,1.0,39484,3.908,0
1.0,1.0,0.0,0.0,1.0,2.0,0.0,0.0,22.0,22.0,16.0,1.0,22.0,0.0,3.0782967983056707e-06,1.095388844038366e-05,-19.0,-19.0,0.0,1.0,47444,1.005,0
1.0,1.0,0.0,0.0,1.0,2.0,0.0,0.0,266.0,266.0,67.0,1.0,266.0,0.0,2.667359334398492e-06,0.0001305562125786919,-263.0,-263.0,0.0,1.0,33125,9.091,0
1.0,0.0,1.0,0.0,1.0,2.0,0.0,0.0,50.0,50.0,29.0,1.0,50.0,0.0,2.8253882604670254e-06,2.7338327497729942e-05,-47.0,-47.0,0.0,1.0,45690,2.241,0
1.0,0.0,1.0,0.0,1.0,2.0,0.0,0.0,10.0,10.0,7.0,1.0,10.0,0.0,3.238986119799222e-06,3.299292464423936e-06,-7.0,-7.0,0.0,1.0,46626,2.366,0
1.0,1.0,0.0,0.0,1.0,2.0,0.0,0.0,29.0,29.0,12.0,1.0,29.0,0.0,3.427980958622863e-06,1.0306696603633005e-05,-26.0,-26.0,0.0,1.0,40564,1.01,0
1.0,1.0,1.0,1.0,1.0,2.0,0.0,0.0,46.0,46.0,26.0,1.0,46.0,0.0,3.0849898851593004e-06,1.1950863945183613e-05,-43.0,-43.0,0.0,1.0,34673,1.007,0
1.0,1.0,1.0,1.0,1.0,2.0,0.0,0.0,99.0,99.0,37.0,1.0,99.0,0.0,3.0366025286921455e-06,2.0650673780926967e-05,-96.0,-96.0,0.0,1.0,37126,2.351,0
1.0,0.0,1.0,0.0,1.0,2.0,0.0,0.0,369.0,369.0,46.0,1.0,369.0,0.0,3.7650600899797365e-06,2.872265035147248e-05,-366.0,-366.0,0.0,1.0,42892,3.937,0
1.0,0.0,1.0,0.0,1.0,2.0,0.0,0.0,81.0,81.0,25.0,1.0,81.0,0.0,3.3275597531744957e-06,1.7771133431787483e-05,-78.0,-78.0,0.0,1.0,34528,1.04,0
1.0,1.0,0.0,0.0,1.0,2.0,0.0,0.0,76.0,76.0,40.0,1.0,76.0,0.0,2.9039607758655713e-06,3.096322499652238e-05,-73.0,-73.0,0.0,1.0,42004,1.02,0
1.0,1.0,0.0,0.0,1.0,2.0,0.0,0.0,129.0,129.0,56.0,1.0,129.0,0.0,2.718108280745817e-06,4.866841202563059e-05,-126.0,-126.0,0.0,1.0,39878,2.462,0
1.0,1.0,1.0,1.0,1.0,2.0,0.0,0.0,85.0,85.0,49.0,1.0,85.0,0.0,2.9251059666938267e-06,3.796806445310412e-05,-82.0,-82.0,0.0,1.0,37625,1.028,0
1.0,0.0,1.0,0.0,1.0,2.0,0.0,0.0,162.0,162.0,40.0,1.0,162.0,0.0,3.0819102730418997e-06,1.9845389662239115e-05,-159.0,-159.0,0.0,1.0,37798,1.01,0
1.0,1.0,1.0,1.0,1.0,2.0,0.0,0.0,45.0,45.0,31.0,1.0,45.0,0.0,2.8737638104380254e-06,2.2512462323211033e-05,-42.0,-42.0,0.0,1.0,40220,1.015,0
1.0,1.0,0.0,0.0,1.0,2.0,0.0,0.0,152.0,152.0,49.0,1.0,152.0,0.0,3.038851951973621e-06,4.088954230813562e-05,-149.0,-149.0,0.0,1.0,41354,2.219,0
1.0,1.0,1.0,1.0,1.0,2.0,0.0,0.0,88.0,88.0,40.0,1.0,88.0,0.0,3.0504982256050467e-06,3.269665999356255e-05,-85.0,-85.0,0.0,1.0,39431,5.54,0
1.0,1.0,1.0,1.0,1.0,2.0,0.0,0.0,29.0,29.0,26.0,1.0,29.0,0.0,2.6989902785064114e-06,1.6751452262523333e-05,-26.0,-26.0,0.0,1.0,40595,1.021,0
1.0,1.0,0.0,0.0,1.0,2.0,0.0,0.0,64.0,64.0,29.0,1.0,64.0,0.0,3.1709003955347254e-06,2.1822161605369747e-05,-61.0,-61.0,0.0,1.0,47029,1.043,0
1.0,0.0,1.0,0.0,1.0,2.0,0.0,0.0,20.0,20.0,15.0,1.0,20.0,0.0,2.967766009730287e-06,7.6732575563684e-06,-17.0,-17.0,0.0,1.0,44772,2.326,0
1.0,1.0,0.0,0.0,1.0,2.0,0.0,0.0,42.0,42.0,21.0,1.0,42.0,0.0,3.10121526360327e-06,7.98850051944465e-06,-39.0,-39.0,0.0,1.0,40320,3.634,0
1.0,1.0,0.0,0.0,1.0,2.0,0.0,0.0,29.0,29.0,12.0,1.0,29.0,0.0,3.427980958622863e-06,1.0306696603633005e-05,-26.0,-26.0,0.0,1.0,40562,1.012,0
1.0,0.0,1.0,0.0,1.0,2.0,0.0,0.0,403.0,403.0,66.0,1.0,403.0,0.0,2.8133481384477418e-06,0.00014139332760496336,-400.0,-400.0,0.0,1.0,37224,6.407,0
1.0,0.0,1.0,0.0,1.0,2.0,0.0,0.0,82.0,82.0,33.0,1.0,82.0,0.0,3.181955357258535e-06,2.2557411891935165e-05,-79.0,-79.0,0.0,1.0,38435,1.012,0
1.0,1.0,1.0,1.0,1.0,2.0,0.0,0.0,3.0,3.0,1.0,1.0,3.0,0.0,5.3866739660441036e-06,6.637706023253605e-08,0.0,0.0,0.0,0.0,43264,1.004,0
1.0,0.0,1.0,0.0,1.0,2.0,0.0,0.0,78.0,78.0,34.0,1.0,78.0,0.0,3.1655656902669633e-06,1.892146578161209e-05,-75.0,-75.0,0.0,1.0,43820,5.347,0
1.0,0.0,1.0,0.0,1.0,2.0,0.0,0.0,201.0,201.0,64.0,1.0,201.0,0.0,2.8080828963999893e-06,7.992514747333066e-05,-198.0,-198.0,0.0,1.0,39850,1.008,0
1.0,1.0,0.0,0.0,1.0,2.0,0.0,0.0,92.0,92.0,31.0,1.0,92.0,0.0,3.1213027406372774e-06,1.629833666033186e-05,-89.0,-89.0,0.0,1.0,40518,2.434,0
1.0,1.0,0.0,0.0,1.0,2.0,0.0,0.0,962.0,962.0,61.0,1.0,962.0,0.0,3.4341841779103383e-06,9.482535516977815e-05,-959.0,-959.0,0.0,1.0,38207,3.963,0
1.0,1.0,1.0,1.0,1.0,2.0,0.0,0.0,152.0,152.0,49.0,1.0,152.0,0.0,3.038851951973621e-06,4.088954230813562e-05,-149.0,-149.0,0.0,1.0,41358,3.911,0
1.0,1.0,0.0,0.0,1.0,2.0,0.0,0.0,962.0,962.0,61.0,1.0,962.0,0.0,3.4341841779103383e-06,9.482535516977815e-05,-959.0,-959.0,0.0,1.0,38174,5.439,0
1.0,0.0,1.0,0.0,1.0,2.0,0.0,0.0,117.0,117.0,53.0,1.0,117.0,0.0,2.8134463815515222e-06,5.51096684753284e-05,-114.0,-114.0,0.0,1.0,40576,6.759,0
1.0,0.0,1.0,0.0,1.0,2.0,0.0,0.0,29.0,29.0,22.0,1.0,29.0,0.0,2.882622594674e-06,1.3705355932345209e-05,-26.0,-26.0,0.0,1.0,44755,5.077,0
1.0,1.0,1.0,1.0,1.0,2.0,0.0,0.0,25.0,25.0,21.0,1.0,25.0,0.0,2.800430039816158e-06,9.860019280931246e-06,-22.0,-22.0,0.0,1.0,43060,1.004,0
1.0,0.0,1.0,0.0,1.0,2.0,0.0,0.0,215.0,215.0,66.0,1.0,215.0,0.0,3.081419939596275e-06,0.00010568915138426069,-212.0,-212.0,0.0,1.0,39610,2.329,0
1.0,1.0,0.0,0.0,1.0,2.0,0.0,0.0,27.0,27.0,19.0,1.0,27.0,0.0,3.1861100414038325e-06,1.5162292252236268e-05,-24.0,-24.0,0.0,1.0,41398,1.01,0
1.0,0.0,1.0,0.0,1.0,2.0,0.0,0.0,3.0,3.0,2.0,1.0,3.0,0.0,3.8138684893684724e-06,1.8213007573357225e-06,0.0,0.0,0.0,0.0,37447,1.006,0
1.0,1.0,0.0,0.0,1.0,2.0,0.0,0.0,17.0,17.0,6.0,1.0,17.0,0.0,3.7107845133316263e-06,1.0436348358554242e-06,-14.0,-14.0,0.0,1.0,47064,1.01,0
1.0,0.0,1.0,0.0,1.0,2.0,0.0,0.0,178.0,178.0,66.0,1.0,178.0,0.0,2.7155467669562707e-06,9.655196464664241e-05,-175.0,-175.0,0.0,1.0,34305,11.947,0
1.0,1.0,1.0,1.0,1.0,2.0,0.0,0.0,17.0,17.0,12.0,1.0,17.0,0.0,3.1690863742447457e-06,4.146940047173031e-06,-14.0,-14.0,0.0,1.0,35509,1.04,0
1.0,1.0,0.0,0.0,1.0,2.0,0.0,0.0,23.0,23.0,11.0,1.0,23.0,0.0,3.556226415339703e-06,8.398089669838757e-06,-20.0,-20.0,0.0,1.0,42468,1.004,0
1.0,1.0,0.0,0.0,1.0,2.0,0.0,0.0,55.0,55.0,26.0,1.0,55.0,0.0,3.0887184422400736e-06,5.990055290693428e-06,-52.0,-52.0,0.0,1.0,44395,2.342,0
1.0,1.0,1.0,1.0,1.0,2.0,0.0,0.0,24.0,24.0,21.0,1.0,24.0,0.0,2.7746352603067594e-06,2.0952814958156343e-05,-21.0,-21.0,0.0,1.0,47083,1.027,0
1.0,1.0,1.0,1.0,1.0,2.0,0.0,0.0,52.0,52.0,41.0,1.0,52.0,0.0,2.7615297932773755e-06,3.505629691298504e-05,-49.0,-49.0,0.0,1.0,43896,2.184,0
1.0,0.0,1.0,0.0,1.0,2.0,0.0,0.0,33.0,33.0,13.0,1.0,33.0,0.0,3.155580594185711e-06,8.359750365307579e-06,-30.0,-30.0,0.0,1.0,44892,2.323,0
1.0,0.0,1.0,0.0,1.0,2.0,0.0,0.0,153.0,153.0,55.0,1.0,153.0,0.0,2.9547445788736107e-06,5.6857287035843764e-05,-150.0,-150.0,0.0,1.0,40458,2.216,0
1.0,1.0,1.0,1.0,1.0,2.0,0.0,0.0,34.0,34.0,26.0,1.0,34.0,0.0,2.923156252455614e-06,1.085253841967965e-05,-31.0,-31.0,0.0,1.0,35671,1.015,0
1.0,1.0,1.0,1.0,1.0,2.0,0.0,0.0,71.0,71.0,20.0,1.0,71.0,0.0,3.3514023375603264e-06,6.796404888882329e-06,-68.0,-68.0,0.0,1.0,42102,1.009,0
1.0,1.0,1.0,1.0,1.0,2.0,0.0,0.0,66.0,66.0,40.0,1.0,66.0,0.0,2.9941272206147764e-06,3.1863358692696025e-05,-63.0,-63.0,0.0,1.0,43042,1.02,0
1.0,1.0,1.0,1.0,1.0,2.0,0.0,0.0,2.0,2.0,1.0,1.0,2.0,0.0,5.03778472931568e-06,3.73810890380887e-07,1.0,1.0,0.0,0.0,46264,1.013,0
1.0,1.0,1.0,1.0,1.0,2.0,0.0,0.0,15.0,15.0,11.0,1.0,15.0,0.0,2.9243074231321037e-06,9.076942499153534e-06,-12.0,-12.0,0.0,1.0,36268,1.007,0
1.0,1.0,0.0,0.0,1.0,2.0,0.0,0.0,132.0,132.0,51.0,1.0,132.0,0.0,2.9271644085734097e-06,5.516059981920343e-05,-129.0,-129.0,0.0,1.0,44609,3.542,0
1.0,0.0,1.0,0.0,1.0,2.0,0.0,0.0,24.0,24.0,19.0,1.0,24.0,0.0,2.7587953176153436e-06,6.53606449019523e-06,-21.0,-21.0,0.0,1.0,41872,1.024,0
1.0,1.0,1.0,1.0,1.0,2.0,0.0,0.0,134.0,134.0,60.0,1.0,134.0,0.0,2.7890458569309318e-06,6.93173923707136e-05,-131.0,-131.0,0.0,1.0,35897,3.86,0
1.0,0.0,1.0,0.0,1.0,2.0,0.0,0.0,27.0,27.0,21.0,1.0,27.0,0.0,2.9600556920215257e-06,1.8233603691890433e-05,-24.0,-24.0,0.0,1.0,37082,3.771,0
1.0,1.0,1.0,1.0,1.0,2.0,0.0,0.0,45.0,45.0,36.0,1.0,45.0,0.0,2.8076106387017336e-06,3.613103993298483e-05,-42.0,-42.0,0.0,1.0,37185,2.349,0
1.0,0.0,1.0,0.0,1.0,2.0,0.0,0.0,70.0,70.0,45.0,1.0,70.0,0.0,2.7526693720556994e-06,3.902392774427641e-05,-67.0,-67.0,0.0,1.0,33593,6.428,0
1.0,0.0,1.0,0.0,1.0,2.0,0.0,0.0,35.0,35.0,18.0,1.0,35.0,0.0,2.818085107378616e-06,2.4335534875427586e-06,-32.0,-32.0,0.0,1.0,41914,1.008,0
1.0,0.0,1.0,0.0,1.0,2.0,0.0,0.0,87.0,87.0,53.0,1.0,87.0,0.0,2.8040458426752536e-06,4.1417014609169573e-05,-84.0,-84.0,0.0,1.0,44747,2.447,0
1.0,1.0,0.0,0.0,1.0,2.0,0.0,0.0,118.0,118.0,39.0,1.0,118.0,0.0,3.190326442508156e-06,3.51789989270637e-05,-115.0,-115.0,0.0,1.0,35970,1.044,0
1.0,0.0,1.0,0.0,1.0,2.0,0.0,0.0,149.0,149.0,53.0,1.0,149.0,0.0,2.789522680183829e-06,4.3186959699604816e-05,-146.0,-146.0,0.0,1.0,46796,5.144,0
1.0,0.0,1.0,0.0,1.0,2.0,0.0,0.0,4.0,4.0,2.0,1.0,4.0,0.0,4.318976776615167e-06,8.324155890576548e-07,-1.0,-1.0,0.0,1.0,46980,1.005,0
1.0,1.0,0.0,0.0,1.0,2.0,0.0,0.0,55.0,55.0,28.0,1.0,55.0,0.0,2.8968142184435247e-06,1.4799202287318639e-05,-52.0,-52.0,0.0,1.0,34364,2.355,0
1.0,0.0,1.0,0.0,1.0,2.0,0.0,0.0,21.0,21.0,16.0,1.0,21.0,0.0,2.924298221173165e-06,5.637906170305055e-06,-18.0,-18.0,0.0,1.0,43882,1.009,0
1.0,0.0,1.0,0.0,1.0,2.0,0.0,0.0,6.0,6.0,4.0,1.0,6.0,0.0,3.6787815017152473e-06,6.023289925669049e-06,-3.0,-3.0,0.0,1.0,46314,1.012,0
1.0,1.0,0.0,0.0,1.0,2.0,0.0,0.0,11.0,11.0,7.0,1.0,11.0,0.0,3.0554106672208747e-06,1.4752720587316018e-06,-8.0,-8.0,0.0,1.0,52989,1.003,0
1.0,0.0,1.0,0.0,1.0,2.0,0.0,0.0,12.0,12.0,7.0,1.0,12.0,0.0,3.4007923528178784e-06,3.0777698951534016e-06,-9.0,-9.0,0.0,1.0,54915,1.006,0
1.0,1.0,0.0,0.0,1.0,2.0,0.0,0.0,6.0,6.0,2.0,1.0,6.0,0.0,4.3259098546381156e-06,6.820114376361407e-07,-3.0,-3.0,0.0,1.0,58818,1.009,0
1.0,1.0,0.0,0.0,1.0,2.0,0.0,0.0,61.0,61.0,35.0,1.0,61.0,0.0,2.7653329000810326e-06,8.787632638606138e-06,-58.0,-58.0,0.0,1.0,50465,1.033,0
1.0,1.0,1.0,1.0,1.0,2.0,0.0,0.0,35.0,35.0,9.0,1.0,35.0,0.0,4.025622580882225e-06,2.6929923063487545e-06,-32.0,-32.0,0.0,1.0,51606,1.004,0
1.0,0.0,1.0,0.0,1.0,2.0,0.0,0.0,5.0,5.0,1.0,1.0,5.0,0.0,5.806136501334163e-06,1.587010473493642e-06,-2.0,-2.0,0.0,1.0,55017,1.008,0
1.0,1.0,0.0,0.0,1.0,2.0,0.0,0.0,19.0,19.0,13.0,1.0,19.0,0.0,3.178903312834164e-06,1.8796620929877574e-06,-16.0,-16.0,0.0,1.0,53771,1.01,0
1.0,1.0,1.0,1.0,1.0,2.0,0.0,0.0,5.0,5.0,2.0,1.0,5.0,0.0,4.461492611771285e-06,1.0689930276604785e-06,-2.0,-2.0,0.0,1.0,57379,1.013,0
1.0,0.0,1.0,0.0,1.0,2.0,0.0,0.0,14.0,14.0,5.0,1.0,14.0,0.0,3.868914223805984e-06,6.033359581500104e-07,-11.0,-11.0,0.0,1.0,58767,1.007,0
1.0,1.0,1.0,1.0,1.0,2.0,0.0,0.0,33.0,33.0,18.0,1.0,33.0,0.0,3.138408946193621e-06,6.049816689928172e-06,-30.0,-30.0,0.0,1.0,56972,1.026,0
1.0,1.0,0.0,0.0,1.0,2.0,0.0,0.0,51.0,51.0,25.0,1.0,51.0,0.0,3.077314099694692e-06,1.5368142649285158e-05,-48.0,-48.0,0.0,1.0,49298,2.254,0
1.0,0.0,1.0,0.0,1.0,2.0,0.0,0.0,65.0,65.0,34.0,1.0,65.0,0.0,3.0726295249555827e-06,1.345459396508765e-05,-62.0,-62.0,0.0,1.0,51142,2.239,0
1.0,1.0,1.0,1.0,1.0,2.0,0.0,0.0,5.0,5.0,3.0,1.0,5.0,0.0,3.783125345504985e-06,1.0741869196806546e-06,-2.0,-2.0,0.0,1.0,49810,1.009,0
1.0,0.0,1.0,0.0,1.0,2.0,0.0,0.0,21.0,21.0,14.0,1.0,21.0,0.0,2.9956003938071832e-06,1.9696435004966544e-06,-18.0,-18.0,0.0,1.0,57463,2.311,0
1.0,1.0,1.0,1.0,1.0,2.0,0.0,0.0,7.0,7.0,3.0,1.0,7.0,0.0,4.206434782758809e-06,9.608498493527198e-07,-4.0,-4.0,0.0,1.0,57193,1.006,0
1.0,1.0,0.0,0.0,1.0,2.0,0.0,0.0,32.0,32.0,9.0,1.0,32.0,0.0,3.6588617908823906e-06,1.993699464989314e-06,-29.0,-29.0,0.0,1.0,57130,2.322,0
1.0,1.0,0.0,0.0,1.0,2.0,0.0,0.0,44.0,44.0,22.0,1.0,44.0,0.0,3.1311730437336812e-06,7.591385661115656e-06,-41.0,-41.0,0.0,1.0,58444,1.045,0
1.0,0.0,1.0,0.0,1.0,2.0,0.0,0.0,15.0,15.0,8.0,1.0,15.0,0.0,3.7403801018744814e-06,6.912241254831283e-06,-12.0,-12.0,0.0,1.0,57625,2.359,0
1.0,0.0,1.0,0.0,1.0,2.0,0.0,0.0,9.0,9.0,4.0,1.0,9.0,0.0,3.7146136311275665e-06,6.211852611674989e-06,-6.0,-6.0,0.0,1.0,54166,1.007,0
1.0,0.0,1.0,0.0,1.0,2.0,0.0,0.0,30.0,30.0,14.0,1.0,30.0,0.0,3.024739445760794e-06,2.468770630572565e-06,-27.0,-27.0,0.0,1.0,58895,1.013,0
1.0,0.0,1.0,0.0,1.0,2.0,0.0,0.0,39.0,39.0,27.0,1.0,39.0,0.0,2.807354536728666e-06,1.8063596717112022e-05,-36.0,-36.0,0.0,1.0,47964,1.008,0
1.0,1.0,1.0,1.0,1.0,2.0,0.0,0.0,25.0,25.0,19.0,1.0,25.0,0.0,3.1044486437760853e-06,7.16155061049342e-06,-22.0,-22.0,0.0,1.0,49193,1.002,0
1.0,0.0,1.0,0.0,1.0,2.0,0.0,0.0,45.0,45.0,13.0,1.0,45.0,0.0,3.8285913980690395e-06,8.17217800751411e-06,-42.0,-42.0,0.0,1.0,56632,1.018,0
1.0,1.0,0.0,0.0,1.0,2.0,0.0,0.0,7.0,7.0,3.0,1.0,7.0,0.0,4.273528930583715e-06,1.2280759835177948e-06,-4.0,-4.0,0.0,1.0,51032,2.464,0
1.0,0.0,1.0,0.0,1.0,2.0,0.0,0.0,14.0,14.0,12.0,1.0,14.0,0.0,2.8837371327660837e-06,7.448406751378872e-06,-11.0,-11.0,0.0,1.0,49735,2.265,0
1.0,1.0,0.0,0.0,1.0,2.0,0.0,0.0,16.0,16.0,13.0,1.0,16.0,0.0,2.9506124154988863e-06,9.023509667976507e-06,-13.0,-13.0,0.0,1.0,53639,2.397,0
1.0,0.0,1.0,0.0,1.0,2.0,0.0,0.0,3.0,3.0,2.0,1.0,3.0,0.0,4.1035854039578965e-06,3.090138547364905e-07,0.0,0.0,0.0,0.0,58553,1.011,0
1.0,0.0,1.0,0.0,1.0,2.0,0.0,0.0,66.0,66.0,30.0,1.0,66.0,0.0,3.1650748115670434e-06,1.7297272980448207e-05,-63.0,-63.0,0.0,1.0,52790,2.423,0
1.0,0.0,1.0,0.0,1.0,2.0,0.0,0.0,62.0,62.0,38.0,1.0,62.0,0.0,2.8314003165838602e-06,2.8508186410078707e-05,-59.0,-59.0,0.0,1.0,47847,2.274,0
1.0,0.0,1.0,0.0,1.0,2.0,0.0,0.0,83.0,83.0,34.0,1.0,83.0,0.0,3.0530594968530986e-06,1.8004371756384563e-05,-80.0,-80.0,0.0,1.0,49170,2.236,0
1.0,0.0,1.0,0.0,1.0,2.0,0.0,0.0,9.0,9.0,4.0,1.0,9.0,0.0,3.987265003462949e-06,3.2045423577616895e-07,-6.0,-6.0,0.0,1.0,58458,1.01,0
1.0,1.0,1.0,1.0,1.0,2.0,0.0,0.0,8.0,8.0,6.0,1.0,8.0,0.0,3.3244940026304917e-06,2.571573091850507e-06,-5.0,-5.0,0.0,1.0,55313,1.007,0
1.0,0.0,1.0,0.0,1.0,2.0,0.0,0.0,10.0,10.0,4.0,1.0,10.0,0.0,3.6928354812811636e-06,1.0227309850823977e-07,-7.0,-7.0,0.0,1.0,57547,1.006,0
1.0,1.0,0.0,0.0,1.0,2.0,0.0,0.0,34.0,34.0,13.0,1.0,34.0,0.0,3.640281124921482e-06,5.490774012763783e-06,-31.0,-31.0,0.0,1.0,54423,1.006,0
1.0,1.0,0.0,0.0,1.0,2.0,0.0,0.0,83.0,83.0,42.0,1.0,83.0,0.0,2.903458132896672e-06,2.6686079009977985e-05,-80.0,-80.0,0.0,1.0,53739,3.638,0
1.0,1.0,0.0,0.0,1.0,2.0,0.0,0.0,13.0,13.0,10.0,1.0,13.0,0.0,3.347861204567021e-06,4.645933838804706e-06,-10.0,-10.0,0.0,1.0,55737,1.006,0
1.0,1.0,0.0,0.0,1.0,2.0,0.0,0.0,4.0,4.0,2.0,1.0,4.0,0.0,4.252708627156617e-06,1.1500300296774648e-06,-1.0,-1.0,0.0,1.0,49509,1.011,0
1.0,0.0,1.0,0.0,1.0,2.0,0.0,0.0,11.0,11.0,3.0,1.0,11.0,0.0,4.697192977410206e-06,9.342817928111794e-07,-8.0,-8.0,0.0,1.0,51317,1.002,0
1.0,0.0,1.0,0.0,1.0,2.0,0.0,0.0,5.0,5.0,2.0,1.0,5.0,0.0,3.845994664026289e-06,5.423023738628735e-06,-2.0,-2.0,0.0,1.0,55045,1.008,0
1.0,0.0,1.0,0.0,1.0,2.0,0.0,0.0,20.0,20.0,15.0,1.0,20.0,0.0,3.156316619846077e-06,1.5242848421065766e-05,-17.0,-17.0,0.0,1.0,56154,2.231,0
1.0,0.0,1.0,0.0,1.0,2.0,0.0,0.0,130.0,130.0,45.0,1.0,130.0,0.0,2.694008041950321e-06,2.779554332442906e-05,-127.0,-127.0,0.0,1.0,49290,4.86,0
1.0,1.0,0.0,0.0,1.0,2.0,0.0,0.0,9.0,9.0,6.0,1.0,9.0,0.0,3.6044987236113144e-06,4.589220275231235e-06,-6.0,-6.0,0.0,1.0,54025,1.012,0
1.0,0.0,1.0,0.0,1.0,2.0,0.0,0.0,46.0,46.0,25.0,1.0,46.0,0.0,2.974875836062637e-06,7.491755866572765e-06,-43.0,-43.0,0.0,1.0,51833,1.02,0
1.0,0.0,1.0,0.0,1.0,2.0,0.0,0.0,25.0,25.0,16.0,1.0,25.0,0.0,3.301073610866283e-06,3.423867237789235e-06,-22.0,-22.0,0.0,1.0,51381,1.009,0
1.0,0.0,1.0,0.0,1.0,2.0,0.0,0.0,7.0,7.0,4.0,1.0,7.0,0.0,3.7745945604643494e-06,2.6450886152518053e-06,-4.0,-4.0,0.0,1.0,53413,1.009,0
1.0,0.0,1.0,0.0,1.0,2.0,0.0,0.0,9.0,9.0,5.0,1.0,9.0,0.0,3.889186586354045e-06,4.583311703619895e-06,-6.0,-6.0,0.0,1.0,55600,1.009,0
1.0,0.0,1.0,0.0,1.0,2.0,0.0,0.0,28.0,28.0,10.0,1.0,28.0,0.0,4.101263337575264e-06,6.7254229201321415e-06,-25.0,-25.0,0.0,1.0,50729,1.011,0
1.0,0.0,1.0,0.0,1.0,2.0,0.0,0.0,12.0,12.0,8.0,1.0,12.0,0.0,3.3137960780413516e-06,9.72672261920253e-07,-9.0,-9.0,0.0,1.0,59270,1.007,0
1.0,1.0,0.0,0.0,1.0,2.0,0.0,0.0,26.0,26.0,7.0,1.0,26.0,0.0,4.702875633169095e-06,1.6335213481083815e-06,-23.0,-23.0,0.0,1.0,56407,1.025,0
1.0,1.0,0.0,0.0,1.0,2.0,0.0,0.0,51.0,51.0,17.0,1.0,51.0,0.0,3.0460315826727984e-06,3.956209498345817e-06,-48.0,-48.0,0.0,1.0,57870,1.005,0
1.0,0.0,1.0,0.0,1.0,2.0,0.0,0.0,4.0,4.0,3.0,1.0,4.0,0.0,3.5273318010457234e-06,2.515379959796802e-06,-1.0,-1.0,0.0,1.0,47967,1.006,0
1.0,0.0,1.0,0.0,1.0,2.0,0.0,0.0,72.0,72.0,32.0,1.0,72.0,0.0,3.0942887644141937e-06,1.4662968576491587e-05,-69.0,-69.0,0.0,1.0,49037,1.026,0
1.0,0.0,1.0,0.0,1.0,2.0,0.0,0.0,9.0,9.0,6.0,1.0,9.0,0.0,3.4096692766015006e-06,1.0763113258502367e-06,-6.0,-6.0,0.0,1.0,59145,1.008,0
1.0,0.0,1.0,0.0,1.0,2.0,0.0,0.0,44.0,44.0,20.0,1.0,44.0,0.0,3.146986939107943e-06,7.764446614540715e-06,-41.0,-41.0,0.0,1.0,49313,1.043,0
1.0,0.0,1.0,0.0,1.0,2.0,0.0,0.0,220.0,220.0,28.0,1.0,220.0,0.0,3.4476109590481838e-06,1.0121832915796545e-05,-217.0,-217.0,0.0,1.0,56277,1.064,0
1.0,1.0,0.0,0.0,1.0,2.0,0.0,0.0,33.0,33.0,20.0,1.0,33.0,0.0,3.215238373903969e-06,9.367277456121567e-06,-30.0,-30.0,0.0,1.0,52844,3.929,0
1.0,1.0,1.0,1.0,1.0,2.0,0.0,0.0,107.0,107.0,41.0,1.0,107.0,0.0,2.9089684835543023e-06,2.1770344908537162e-05,-104.0,-104.0,0.0,1.0,56801,3.772,0
1.0,0.0,1.0,0.0,1.0,2.0,0.0,0.0,7.0,7.0,5.0,1.0,7.0,0.0,3.4972636471991102e-06,1.5039439733576794e-06,-4.0,-4.0,0.0,1.0,52541,1.008,0
1.0,1.0,0.0,0.0,1.0,2.0,0.0,0.0,56.0,56.0,37.0,1.0,56.0,0.0,2.8123573498016063e-06,1.303041348246801e-05,-53.0,-53.0,0.0,1.0,51488,1.011,0
1.0,0.0,1.0,0.0,1.0,2.0,0.0,0.0,75.0,75.0,39.0,1.0,75.0,0.0,2.8541727531340924e-06,3.184254366705275e-05,-72.0,-72.0,0.0,1.0,48742,1.037,0
1.0,0.0,1.0,0.0,1.0,2.0,0.0,0.0,31.0,31.0,20.0,1.0,31.0,0.0,3.113637627637064e-06,1.3475246419438554e-05,-28.0,-28.0,0.0,1.0,53758,2.295,0
1.0,0.0,1.0,0.0,1.0,2.0,0.0,0.0,20.0,20.0,11.0,1.0,20.0,0.0,3.127852403565091e-06,4.238658101368038e-06,-17.0,-17.0,0.0,1.0,57752,2.309,0
1.0,1.0,0.0,0.0,1.0,2.0,0.0,0.0,69.0,69.0,35.0,1.0,69.0,0.0,2.667226876251276e-06,1.577039159340489e-05,-66.0,-66.0,0.0,1.0,49442,2.35,0
1.0,0.0,1.0,0.0,1.0,2.0,0.0,0.0,4.0,4.0,3.0,1.0,4.0,0.0,3.4827661038090777e-06,2.1875558179385643e-06,-1.0,-1.0,0.0,1.0,52986,1.003,0
1.0,1.0,1.0,1.0,1.0,2.0,0.0,0.0,20.0,20.0,9.0,1.0,20.0,0.0,3.4147264259204387e-06,1.8991356201970129e-06,-17.0,-17.0,0.0,1.0,58865,1.003,0
1.0,0.0,1.0,0.0,1.0,2.0,0.0,0.0,32.0,32.0,13.0,1.0,32.0,0.0,3.4432374185619533e-06,3.5443318620906146e-06,-29.0,-29.0,0.0,1.0,49899,1.017,0
1.0,0.0,1.0,0.0,1.0,2.0,0.0,0.0,59.0,59.0,23.0,1.0,59.0,0.0,3.146408939115535e-06,8.039789471303222e-06,-56.0,-56.0,0.0,1.0,55332,2.297,0
1.0,0.0,1.0,0.0,1.0,2.0,0.0,0.0,5.0,5.0,2.0,1.0,5.0,0.0,4.285332131578178e-06,1.9608295909266027e-06,-2.0,-2.0,0.0,1.0,48702,1.013,0
1.0,0.0,1.0,0.0,1.0,2.0,0.0,0.0,33.0,33.0,16.0,1.0,33.0,0.0,3.1794731692609202e-06,1.3048915277277705e-05,-30.0,-30.0,0.0,1.0,51271,1.01,0
1.0,1.0,0.0,0.0,1.0,2.0,0.0,0.0,22.0,22.0,12.0,1.0,22.0,0.0,3.2777143142561064e-06,4.221110162385686e-06,-19.0,-19.0,0.0,1.0,53370,1.012,0
1.0,0.0,1.0,0.0,1.0,2.0,0.0,0.0,5.0,5.0,3.0,1.0,5.0,0.0,3.732356431318504e-06,1.5947703686862572e-06,-2.0,-2.0,0.0,1.0,58488,1.012,0
1.0,1.0,0.0,0.0,1.0,2.0,0.0,0.0,79.0,79.0,42.0,1.0,79.0,0.0,2.682400833026071e-06,2.0363461725438216e-05,-76.0,-76.0,0.0,1.0,47695,1.02,0
1.0,0.0,1.0,0.0,1.0,2.0,0.0,0.0,11.0,11.0,1.0,1.0,11.0,0.0,6.387031395047879e-06,3.8459118887843145e-07,-8.0,-8.0,0.0,1.0,56764,1.008,0
1.0,0.0,1.0,0.0,1.0,2.0,0.0,0.0,4.0,4.0,3.0,1.0,4.0,0.0,3.628714793277439e-06,4.312137831111672e-07,-1.0,-1.0,0.0,1.0,55925,1.009,0
1.0,1.0,0.0,0.0,1.0,2.0,0.0,0.0,15.0,15.0,7.0,1.0,15.0,0.0,3.4348112748867848e-06,1.747270564294745e-06,-12.0,-12.0,0.0,1.0,48996,2.4,0
1.0,1.0,1.0,1.0,1.0,2.0,0.0,0.0,8.0,8.0,6.0,1.0,8.0,0.0,3.3048761606382557e-06,1.680834769156387e-06,-5.0,-5.0,0.0,1.0,51025,1.009,0
1.0,0.0,1.0,0.0,1.0,2.0,0.0,0.0,98.0,98.0,38.0,1.0,98.0,0.0,2.9154986736742573e-06,2.3011088784408408e-05,-95.0,-95.0,0.0,1.0,52780,2.439,0
1.0,1.0,0.0,0.0,1.0,2.0,0.0,0.0,16.0,16.0,9.0,1.0,16.0,0.0,3.433980287370138e-06,2.496566136764059e-06,-13.0,-13.0,0.0,1.0,50103,1.008,0
1.0,0.0,1.0,0.0,1.0,2.0,0.0,0.0,27.0,27.0,17.0,1.0,27.0,0.0,3.1418016244787567e-06,6.916875006334295e-06,-24.0,-24.0,0.0,1.0,53876,1.012,0
1.0,1.0,0.0,0.0,1.0,2.0,0.0,0.0,16.0,16.0,9.0,1.0,16.0,0.0,3.5357522047891835e-06,9.845523073156735e-06,-13.0,-13.0,0.0,1.0,54541,1.009,0
1.0,1.0,1.0,1.0,1.0,2.0,0.0,0.0,14.0,14.0,11.0,1.0,14.0,0.0,3.1284992433962404e-06,1.229591896922725e-05,-11.0,-11.0,0.0,1.0,58873,2.286,0
1.0,1.0,0.0,0.0,1.0,2.0,0.0,0.0,3.0,3.0,1.0,1.0,3.0,0.0,5.3552647959029e-06,3.230471084605821e-07,0.0,0.0,0.0,0.0,57116,1.008,0
1.0,1.0,1.0,1.0,1.0,2.0,0.0,0.0,6.0,6.0,2.0,1.0,6.0,0.0,4.1115852097948834e-06,1.822122067146082e-06,-3.0,-3.0,0.0,1.0,52967,1.01,0
1.0,1.0,1.0,1.0,1.0,2.0,0.0,0.0,9.0,9.0,6.0,1.0,9.0,0.0,3.4783015586848542e-06,2.915598094676897e-06,-6.0,-6.0,0.0,1.0,55645,1.008,0
1.0,1.0,1.0,1.0,1.0,2.0,0.0,0.0,12.0,12.0,11.0,1.0,12.0,0.0,2.91054805285452e-06,5.326039656116762e-06,-9.0,-9.0,0.0,1.0,54917,2.644,0
1.0,0.0,1.0,0.0,1.0,2.0,0.0,0.0,37.0,37.0,18.0,1.0,37.0,0.0,2.8744320069177257e-06,7.426987240938391e-06,-34.0,-34.0,0.0,1.0,56439,1.008,0
1.0,1.0,0.0,0.0,1.0,2.0,0.0,0.0,6.0,6.0,4.0,1.0,6.0,0.0,3.6910852555451704e-06,2.386259610314354e-06,-3.0,-3.0,0.0,1.0,56553,1.005,0
1.0,0.0,1.0,0.0,1.0,2.0,0.0,0.0,165.0,165.0,51.0,1.0,165.0,0.0,2.8107851120980886e-06,4.5116980083357055e-05,-162.0,-162.0,0.0,1.0,50515,4.723,0
1.0,1.0,0.0,0.0,1.0,2.0,0.0,0.0,17.0,17.0,7.0,1.0,17.0,0.0,3.8633880970881275e-06,5.322597444464505e-06,-14.0,-14.0,0.0,1.0,53831,2.294,0
1.0,1.0,1.0,1.0,1.0,2.0,0.0,0.0,33.0,33.0,18.0,1.0,33.0,0.0,3.130113354249761e-06,1.0933279245599829e-05,-30.0,-30.0,0.0,1.0,56702,1.005,0
1.0,0.0,1.0,0.0,1.0,2.0,0.0,0.0,4.0,4.0,3.0,1.0,4.0,0.0,3.766179189448018e-06,2.5023588482910534e-06,-1.0,-1.0,0.0,1.0,58431,1.005,0
1.0,1.0,1.0,1.0,1.0,2.0,0.0,0.0,20.0,20.0,14.0,1.0,20.0,0.0,3.1561030139443706e-06,6.3027407395143975e-06,-17.0,-17.0,0.0,1.0,51552,1.005,0
1.0,1.0,0.0,0.0,1.0,2.0,0.0,0.0,29.0,29.0,16.0,1.0,29.0,0.0,3.3052846888996674e-06,2.6451029004724206e-06,-26.0,-26.0,0.0,1.0,49155,1.008,0
1.0,1.0,1.0,1.0,1.0,2.0,0.0,0.0,14.0,14.0,9.0,1.0,14.0,0.0,3.1871109473338876e-06,2.0519567359187786e-06,-11.0,-11.0,0.0,1.0,54690,1.01,0
1.0,1.0,1.0,1.0,1.0,2.0,0.0,0.0,12.0,12.0,10.0,1.0,12.0,0.0,3.203095614845303e-06,2.129322398622748e-06,-9.0,-9.0,0.0,1.0,51232,2.272,0
1.0,0.0,1.0,0.0,1.0,2.0,0.0,0.0,25.0,25.0,16.0,1.0,25.0,0.0,3.0548361085948425e-06,1.09157731940163e-05,-22.0,-22.0,0.0,1.0,52301,2.419,0
1.0,1.0,1.0,1.0,1.0,2.0,0.0,0.0,4.0,4.0,3.0,1.0,4.0,0.0,3.5694215007202085e-06,8.079473149683053e-07,-1.0,-1.0,0.0,1.0,49407,1.007,0
1.0,1.0,1.0,1.0,1.0,2.0,0.0,0.0,12.0,12.0,11.0,1.0,12.0,0.0,2.963242019109684e-06,5.295506207276426e-06,-9.0,-9.0,0.0,1.0,47798,1.005,0
1.0,0.0,1.0,0.0,1.0,2.0,0.0,0.0,5.0,5.0,4.0,1.0,5.0,0.0,3.297265645598876e-06,2.3050726266061484e-06,-2.0,-2.0,0.0,1.0,58943,1.007,0
1.0,0.0,1.0,0.0,1.0,2.0,0.0,0.0,9.0,9.0,3.0,1.0,9.0,0.0,4.474667636737903e-06,1.3056909416064118e-06,-6.0,-6.0,0.0,1.0,58583,1.015,0
1.0,1.0,0.0,0.0,1.0,2.0,0.0,0.0,11.0,11.0,6.0,1.0,11.0,0.0,3.3202670570254174e-06,6.887814242351293e-06,-8.0,-8.0,0.0,1.0,62360,1.013,0
1.0,1.0,0.0,0.0,1.0,2.0,0.0,0.0,9.0,9.0,4.0,1.0,9.0,0.0,4.238441174424886e-06,1.020266616462982e-06,-6.0,-6.0,0.0,1.0,60287,2.293,0
1.0,0.0,1.0,0.0,1.0,2.0,0.0,0.0,7.0,7.0,4.0,1.0,7.0,0.0,3.5968272543442757e-06,3.838835319236754e-06,-4.0,-4.0,0.0,1.0,62285,1.009,0
1.0,1.0,1.0,1.0,1.0,2.0,0.0,0.0,2.0,2.0,1.0,1.0,2.0,0.0,5.35301434238206e-06,4.591310871407244e-07,1.0,1.0,0.0,0.0,59970,1.007,0
1.0,1.0,1.0,1.0,1.0,2.0,0.0,0.0,13.0,13.0,6.0,1.0,13.0,0.0,3.6438876756318064e-06,6.841500832266813e-06,-10.0,-10.0,0.0,1.0,65726,1.006,0
1.0,1.0,0.0,0.0,1.0,2.0,0.0,0.0,6.0,6.0,2.0,1.0,6.0,0.0,5.542651776944574e-06,4.613287558805697e-07,-3.0,-3.0,0.0,1.0,60803,1.005,0
1.0,1.0,0.0,0.0,1.0,2.0,0.0,0.0,6.0,6.0,2.0,1.0,6.0,0.0,4.820627667048935e-06,1.1067962134967857e-06,-3.0,-3.0,0.0,1.0,63040,1.012,0
1.0,0.0,1.0,0.0,1.0,2.0,0.0,0.0,22.0,22.0,5.0,1.0,22.0,0.0,4.840497779182007e-06,8.397893639266216e-07,-19.0,-19.0,0.0,1.0,60736,1.008,0
1.0,1.0,1.0,1.0,1.0,2.0,0.0,0.0,5.0,5.0,3.0,1.0,5.0,0.0,3.9612251671165905e-06,6.019976582735136e-07,-2.0,-2.0,0.0,1.0,61719,1.005,0
1.0,1.0,0.0,0.0,1.0,2.0,0.0,0.0,6.0,6.0,4.0,1.0,6.0,0.0,3.885048431162375e-06,8.214511884290793e-08,-3.0,-3.0,0.0,1.0,67244,1.012,0
1.0,1.0,1.0,1.0,1.0,2.0,0.0,0.0,26.0,26.0,13.0,1.0,26.0,0.0,3.0525756006430642e-06,6.940478097678481e-07,-23.0,-23.0,0.0,1.0,65916,1.004,0
1.0,1.0,0.0,0.0,1.0,2.0,0.0,0.0,10.0,10.0,4.0,1.0,10.0,0.0,4.393698868301773e-06,5.064754470282362e-08,-7.0,-7.0,0.0,1.0,67066,1.007,0
1.0,0.0,1.0,0.0,1.0,2.0,0.0,0.0,25.0,25.0,10.0,1.0,25.0,0.0,3.3660820608343016e-06,8.572154948551498e-07,-22.0,-22.0,0.0,1.0,63178,1.014,0
1.0,0.0,1.0,0.0,1.0,2.0,0.0,0.0,2.0,2.0,1.0,1.0,2.0,0.0,5.710992131736708e-06,3.1162105984295866e-09,1.0,1.0,0.0,0.0,69272,1.007,0
1.0,0.0,1.0,0.0,1.0,2.0,0.0,0.0,2.0,2.0,1.0,1.0,2.0,0.0,5.25261025875992e-06,2.514855550970751e-08,1.0,1.0,0.0,0.0,65628,1.008,0
1.0,1.0,0.0,0.0,1.0,2.0,0.0,0.0,2.0,2.0,1.0,1.0,2.0,0.0,5.059254939570424e-06,1.8753010103510645e-07,1.0,1.0,0.0,0.0,61225,1.012,0
1.0,0.0,1.0,0.0,1.0,2.0,0.0,0.0,7.0,7.0,2.0,1.0,7.0,0.0,5.08914508601716e-06,6.444170095085725e-07,-4.0,-4.0,0.0,1.0,62767,1.008,0
1.0,1.0,0.0,0.0,1.0,2.0,0.0,0.0,4.0,4.0,3.0,1.0,4.0,0.0,3.72040146664024e-06,3.511076310286075e-07,-1.0,-1.0,0.0,1.0,65230,1.008,0
1.0,1.0,0.0,0.0,1.0,2.0,0.0,0.0,15.0,15.0,6.0,1.0,15.0,0.0,3.978322933227744e-06,1.998553009361688e-06,-12.0,-12.0,0.0,1.0,66728,1.008,0
1.0,1.0,0.0,0.0,1.0,2.0,0.0,0.0,4.0,4.0,3.0,1.0,4.0,0.0,3.6011384091736668e-06,4.2795484807383367e-07,-1.0,-1.0,0.0,1.0,65780,1.011,0
1.0,1.0,0.0,0.0,1.0,2.0,0.0,0.0,2.0,2.0,1.0,1.0,2.0,0.0,5.603046854433626e-06,1.133537792919387e-08,1.0,1.0,0.0,0.0,68529,1.012,0
1.0,1.0,1.0,1.0,1.0,2.0,0.0,0.0,5.0,5.0,2.0,1.0,5.0,0.0,4.757350254858164e-06,1.9977533850356687e-07,-2.0,-2.0,0.0,1.0,66645,1.007,0
1.0,0.0,1.0,0.0,1.0,2.0,0.0,0.0,2.0,2.0,1.0,1.0,2.0,0.0,5.068847662821331e-06,3.149033899355753e-07,1.0,1.0,0.0,0.0,63716,1.006,0
1.0,0.0,1.0,0.0,1.0,2.0,0.0,0.0,9.0,9.0,4.0,1.0,9.0,0.0,3.809890567493926e-06,7.591764214511693e-07,-6.0,-6.0,0.0,1.0,63543,1.005,0
1.0,0.0,1.0,0.0,1.0,2.0,0.0,0.0,8.0,8.0,5.0,1.0,8.0,0.0,3.5348615191979953e-06,1.8130970038334538e-06,-5.0,-5.0,0.0,1.0,65368,1.009,0
1.0,0.0,1.0,0.0,1.0,2.0,0.0,0.0,17.0,17.0,10.0,1.0,17.0,0.0,3.3257918777647806e-06,1.5502905480221616e-06,-14.0,-14.0,0.0,1.0,61033,2.431,0
1.0,1.0,1.0,1.0,1.0,2.0,0.0,0.0,3.0,3.0,2.0,1.0,3.0,0.0,4.079358725009954e-06,1.166419372897862e-07,0.0,0.0,0.0,0.0,66221,1.008,0
1.0,0.0,1.0,0.0,1.0,2.0,0.0,0.0,8.0,8.0,4.0,1.0,8.0,0.0,4.041915129338437e-06,1.811539383895314e-06,-5.0,-5.0,0.0,1.0,68696,1.008,0
1.0,0.0,1.0,0.0,1.0,2.0,0.0,0.0,3.0,3.0,2.0,1.0,3.0,0.0,4.232910321921287e-06,6.790415080965704e-07,0.0,0.0,0.0,0.0,66232,1.018,0
1.0,1.0,1.0,1.0,1.0,2.0,0.0,0.0,5.0,5.0,3.0,1.0,5.0,0.0,4.038483983322462e-06,1.5724946323111e-06,-2.0,-2.0,0.0,1.0,64301,1.006,0
1.0,1.0,1.0,1.0,1.0,2.0,0.0,0.0,24.0,24.0,12.0,1.0,24.0,0.0,3.0519784967332752e-06,8.442276195363993e-07,-21.0,-21.0,0.0,1.0,64750,1.004,0
1.0,0.0,1.0,0.0,1.0,2.0,0.0,0.0,8.0,8.0,3.0,1.0,8.0,0.0,4.381659854245938e-06,4.894036744028536e-07,-5.0,-5.0,0.0,1.0,64156,1.008,0
1.0,0.0,1.0,0.0,1.0,2.0,0.0,0.0,2.0,2.0,1.0,1.0,2.0,0.0,5.253358954632356e-06,3.347559355574046e-08,1.0,1.0,0.0,0.0,68903,1.009,0
1.0,0.0,1.0,0.0,1.0,2.0,0.0,0.0,15.0,15.0,7.0,1.0,15.0,0.0,3.8157466650304685e-06,5.323399004404297e-06,-12.0,-12.0,0.0,1.0,64454,1.015,0
1.0,1.0,1.0,1.0,1.0,2.0,0.0,0.0,5.0,5.0,4.0,1.0,5.0,0.0,3.344904550623232e-06,4.488772846555456e-06,-2.0,-2.0,0.0,1.0,66346,1.015,0
1.0,0.0,1.0,0.0,1.0,2.0,0.0,0.0,4.0,4.0,2.0,1.0,4.0,0.0,4.155680536710425e-06,3.7036518320380565e-07,-1.0,-1.0,0.0,1.0,61884,1.01,0
1.0,0.0,1.0,0.0,1.0,2.0,0.0,0.0,8.0,8.0,3.0,1.0,8.0,0.0,4.264252148790336e-06,9.260204158488955e-07,-5.0,-5.0,0.0,1.0,67427,1.006,0
1.0,0.0,1.0,0.0,1.0,2.0,0.0,0.0,10.0,10.0,1.0,1.0,10.0,0.0,6.427343706143165e-06,2.2496173182709544e-08,-7.0,-7.0,0.0,1.0,68812,1.009,0
1.0,1.0,0.0,0.0,1.0,2.0,0.0,0.0,10.0,10.0,7.0,1.0,10.0,0.0,3.290368132355386e-06,3.0661817787814575e-06,-7.0,-7.0,0.0,1.0,61948,2.479,0
1.0,1.0,1.0,1.0,1.0,2.0,0.0,0.0,5.0,5.0,3.0,1.0,5.0,0.0,3.7870406754340504e-06,3.4043874245500194e-07,-2.0,-2.0,0.0,1.0,61423,1.012,0
1.0,1.0,1.0,1.0,1.0,2.0,0.0,0.0,2.0,2.0,1.0,1.0,2.0,0.0,4.939750400359027e-06,4.587760365635647e-07,1.0,1.0,0.0,0.0,63049,1.007,0
1.0,1.0,0.0,0.0,1.0,2.0,0.0,0.0,4.0,4.0,1.0,1.0,4.0,0.0,5.81689450303722e-06,4.7453090199113084e-08,-1.0,-1.0,0.0,1.0,69282,1.013,0
1.0,0.0,1.0,0.0,1.0,2.0,0.0,0.0,23.0,23.0,8.0,1.0,23.0,0.0,3.4034375173066563e-06,2.294759536516764e-06,-20.0,-20.0,0.0,1.0,63705,1.005,0
1.0,1.0,1.0,1.0,1.0,2.0,0.0,0.0,13.0,13.0,12.0,1.0,13.0,0.0,2.9428903610309822e-06,6.5064457974818915e-06,-10.0,-10.0,0.0,1.0,60791,1.013,0
1.0,1.0,0.0,0.0,1.0,2.0,0.0,0.0,4.0,4.0,2.0,1.0,4.0,0.0,4.314417325180215e-06,3.0575117235531267e-06,-1.0,-1.0,0.0,1.0,65510,1.009,0
1.0,1.0,0.0,0.0,1.0,2.0,0.0,0.0,11.0,11.0,5.0,1.0,11.0,0.0,3.577310618685833e-06,5.806152915213044e-07,-8.0,-8.0,0.0,1.0,64461,1.014,0
1.0,1.0,0.0,0.0,1.0,2.0,0.0,0.0,2.0,2.0,1.0,1.0,2.0,0.0,6.475824087380199e-06,1.4380630073950358e-09,1.0,1.0,0.0,0.0,67901,1.007,0
1.0,0.0,1.0,0.0,1.0,2.0,0.0,0.0,17.0,17.0,11.0,1.0,17.0,0.0,3.2340532185323776e-06,1.3537141147388456e-07,-14.0,-14.0,0.0,1.0,67594,1.009,0
1.0,0.0,1.0,0.0,1.0,2.0,0.0,0.0,5.0,5.0,4.0,1.0,5.0,0.0,3.532256875757252e-06,2.2463165202589123e-06,-2.0,-2.0,0.0,1.0,65551,1.011,0
1.0,1.0,0.0,0.0,1.0,2.0,0.0,0.0,3.0,3.0,2.0,1.0,3.0,0.0,4.770383723941162e-06,8.693531400637415e-09,0.0,0.0,0.0,0.0,67373,1.01,0
1.0,1.0,0.0,0.0,1.0,2.0,0.0,0.0,5.0,5.0,3.0,1.0,5.0,0.0,4.530585557929705e-06,2.6350546670329615e-08,-2.0,-2.0,0.0,1.0,64668,1.009,0
1.0,0.0,1.0,0.0,1.0,2.0,0.0,0.0,2.0,2.0,1.0,1.0,2.0,0.0,5.221543430102583e-06,3.528169085134714e-08,1.0,1.0,0.0,0.0,66663,1.006,0
1.0,0.0,1.0,0.0,1.0,2.0,0.0,0.0,9.0,9.0,6.0,1.0,9.0,0.0,3.3654199065954536e-06,2.9979510818135152e-06,-6.0,-6.0,0.0,1.0,61420,2.174,0
1.0,0.0,1.0,0.0,1.0,2.0,0.0,0.0,6.0,6.0,5.0,1.0,6.0,0.0,3.163837428072581e-06,3.1044848111677817e-06,-3.0,-3.0,0.0,1.0,64005,1.013,0
1.0,1.0,1.0,1.0,1.0,2.0,0.0,0.0,6.0,6.0,2.0,1.0,6.0,0.0,4.873842528515425e-06,7.23975263551297e-08,-3.0,-3.0,0.0,1.0,62670,1.008,0
1.0,0.0,1.0,0.0,1.0,2.0,0.0,0.0,15.0,15.0,9.0,1.0,15.0,0.0,3.303100623481035e-06,1.2675941878952424e-07,-12.0,-12.0,0.0,1.0,67426,1.011,0
1.0,0.0,1.0,0.0,1.0,2.0,0.0,0.0,5.0,5.0,2.0,1.0,5.0,0.0,4.564744888238278e-06,3.8941805763411414e-06,-2.0,-2.0,0.0,1.0,65631,1.01,0
1.0,0.0,1.0,0.0,1.0,2.0,0.0,0.0,2.0,2.0,1.0,1.0,2.0,0.0,5.499273550357602e-06,6.248160505236669e-08,1.0,1.0,0.0,0.0,67858,1.006,0
1.0,1.0,0.0,0.0,1.0,2.0,0.0,0.0,2.0,2.0,1.0,1.0,2.0,0.0,4.979245075983786e-06,1.1779164848605006e-07,1.0,1.0,0.0,0.0,66088,1.005,0
1.0,1.0,0.0,0.0,1.0,2.0,0.0,0.0,3.0,3.0,2.0,1.0,3.0,0.0,4.173411105719654e-06,2.25175251658383e-07,0.0,0.0,0.0,0.0,62054,1.006,0
1.0,0.0,1.0,0.0,1.0,2.0,0.0,0.0,11.0,11.0,5.0,1.0,11.0,0.0,3.7577417263999406e-06,4.168645648579588e-07,-8.0,-8.0,0.0,1.0,65384,1.014,0
1.0,1.0,0.0,0.0,1.0,2.0,0.0,0.0,5.0,5.0,4.0,1.0,5.0,0.0,3.5610113018797933e-06,3.9232846340839837e-07,-2.0,-2.0,0.0,1.0,60222,1.007,0
1.0,1.0,0.0,0.0,1.0,2.0,0.0,0.0,5.0,5.0,3.0,1.0,5.0,0.0,3.9838882759232575e-06,1.8045338403063748e-06,-2.0,-2.0,0.0,1.0,67669,1.012,0
1.0,1.0,1.0,1.0,1.0,2.0,0.0,0.0,6.0,6.0,4.0,1.0,6.0,0.0,3.4519043127402576e-06,3.425032383778666e-06,-3.0,-3.0,0.0,1.0,64004,2.259,0
1.0,1.0,1.0,1.0,1.0,2.0,0.0,0.0,5.0,5.0,3.0,1.0,5.0,0.0,4.084326547483307e-06,5.5474316072166664e-08,-2.0,-2.0,0.0,1.0,68914,1.009,0
1.0,0.0,1.0,0.0,1.0,2.0,0.0,0.0,5.0,5.0,3.0,1.0,5.0,0.0,4.10544520693781e-06,3.2782879713671273e-07,-2.0,-2.0,0.0,1.0,65411,1.007,0
1.0,0.0,1.0,0.0,1.0,2.0,0.0,0.0,12.0,12.0,4.0,1.0,12.0,0.0,3.947365564757861e-06,1.6282704225437948e-07,-9.0,-9.0,0.0,1.0,62685,1.01,0
1.0,1.0,0.0,0.0,1.0,2.0,0.0,0.0,10.0,10.0,5.0,1.0,10.0,0.0,3.8250458861457985e-06,8.701062792933269e-08,-7.0,-7.0,0.0,1.0,68923,1.002,0
1.0,0.0,1.0,0.0,1.0,2.0,0.0,0.0,7.0,7.0,3.0,1.0,7.0,0.0,3.886416698587644e-06,6.897410734982253e-07,-4.0,-4.0,0.0,1.0,66733,1.007,0
1.0,0.0,1.0,0.0,1.0,2.0,0.0,0.0,2.0,2.0,1.0,1.0,2.0,0.0,4.869382242062776e-06,6.361255985838765e-07,1.0,1.0,0.0,0.0,60746,1.006,0
1.0,1.0,0.0,0.0,1.0,2.0,0.0,0.0,5.0,5.0,3.0,1.0,5.0,0.0,4.057123764826544e-06,2.971323293126007e-07,-2.0,-2.0,0.0,1.0,63472,1.008,0
1.0,1.0,0.0,0.0,1.0,2.0,0.0,0.0,7.0,7.0,2.0,1.0,7.0,0.0,5.077010474663659e-06,1.9317420662637913e-07,-4.0,-4.0,0.0,1.0,68843,1.009,0
1.0,0.0,1.0,0.0,1.0,2.0,0.0,0.0,6.0,6.0,4.0,1.0,6.0,0.0,3.6621824439052434e-06,8.373204848961488e-07,-3.0,-3.0,0.0,1.0,64948,1.012,0
1.0,1.0,1.0,1.0,1.0,2.0,0.0,0.0,4.0,4.0,3.0,1.0,4.0,0.0,3.459681451946698e-06,3.465671997486653e-07,-1.0,-1.0,0.0,1.0,64748,1.008,0
1.0,0.0,1.0,0.0,1.0,2.0,0.0,0.0,9.0,9.0,4.0,1.0,9.0,0.0,3.8753043141400876e-06,1.9687807576063287e-06,-6.0,-6.0,0.0,1.0,61164,1.01,0
1.0,0.0,1.0,0.0,1.0,2.0,0.0,0.0,2.0,2.0,1.0,1.0,2.0,0.0,5.1714213358976865e-06,8.532028823989626e-08,1.0,1.0,0.0,0.0,67991,1.006,0
1.0,0.0,1.0,0.0,1.0,2.0,0.0,0.0,3.0,3.0,2.0,1.0,3.0,0.0,4.099516703154486e-06,3.197899207384343e-07,0.0,0.0,0.0,0.0,64532,1.01,0
1.0,1.0,0.0,0.0,1.0,2.0,0.0,0.0,2.0,2.0,1.0,1.0,2.0,0.0,5.097344378331683e-06,1.2483955461130997e-07,1.0,1.0,0.0,0.0,64203,1.01,0
1.0,1.0,1.0,1.0,1.0,2.0,0.0,0.0,4.0,4.0,1.0,1.0,4.0,0.0,5.785870817100887e-06,2.329098780689025e-08,-1.0,-1.0,0.0,1.0,65768,1.014,0
1.0,0.0,1.0,0.0,1.0,2.0,0.0,0.0,5.0,5.0,4.0,1.0,5.0,0.0,3.438554970009041e-06,1.8304049402101857e-06,-2.0,-2.0,0.0,1.0,61755,1.005,0
1.0,1.0,0.0,0.0,1.0,2.0,0.0,0.0,10.0,10.0,5.0,1.0,10.0,0.0,3.858458239996288e-06,1.2934912572463196e-06,-7.0,-7.0,0.0,1.0,61085,1.006,0
1.0,0.0,1.0,0.0,1.0,2.0,0.0,0.0,22.0,22.0,10.0,1.0,22.0,0.0,3.6388984239373596e-06,5.220601175688218e-06,-19.0,-19.0,0.0,1.0,59688,1.004,0
1.0,0.0,1.0,0.0,1.0,2.0,0.0,0.0,5.0,5.0,3.0,1.0,5.0,0.0,3.970466219653842e-06,5.531145506209416e-07,-2.0,-2.0,0.0,1.0,60336,1.006,0
1.0,1.0,1.0,1.0,1.0,2.0,0.0,0.0,10.0,10.0,3.0,1.0,10.0,0.0,4.743440640688764e-06,1.4174852926821983e-07,-7.0,-7.0,0.0,1.0,66740,1.009,0
1.0,0.0,1.0,0.0,1.0,2.0,0.0,0.0,4.0,4.0,2.0,1.0,4.0,0.0,4.408650061061957e-06,5.032463676815397e-07,-1.0,-1.0,0.0,1.0,60088,1.01,0
1.0,0.0,1.0,0.0,1.0,2.0,0.0,0.0,4.0,4.0,2.0,1.0,4.0,0.0,5.864813699772081e-06,4.358645561354925e-09,-1.0,-1.0,0.0,1.0,68476,1.007,0
1.0,0.0,1.0,0.0,1.0,2.0,0.0,0.0,2.0,2.0,1.0,1.0,2.0,0.0,5.017859624553163e-06,1.5069159080158352e-07,1.0,1.0,0.0,0.0,68670,1.011,0
1.0,1.0,1.0,1.0,1.0,2.0,0.0,0.0,3.0,3.0,2.0,1.0,3.0,0.0,4.656668056707741e-06,5.743389005276001e-08,0.0,0.0,0.0,0.0,67290,1.004,0
1.0,1.0,1.0,1.0,1.0,2.0,0.0,0.0,6.0,6.0,1.0,1.0,6.0,0.0,6.137266516324291e-06,5.3768486540042e-08,-3.0,-3.0,0.0,1.0,68775,1.006,0
1.0,1.0,1.0,1.0,1.0,2.0,0.0,0.0,8.0,8.0,2.0,1.0,8.0,0.0,5.319758674033941e-06,5.476680771956217e-07,-5.0,-5.0,0.0,1.0,63868,1.01,0
1.0,0.0,1.0,0.0,1.0,2.0,0.0,0.0,32.0,32.0,2.0,1.0,32.0,0.0,4.893007140364758e-06,4.077751611266159e-08,-29.0,-29.0,0.0,1.0,67103,1.007,0
1.0,1.0,0.0,0.0,1.0,2.0,0.0,0.0,2.0,2.0,1.0,1.0,2.0,0.0,5.652418818411629e-06,3.468356444543865e-09,1.0,1.0,0.0,0.0,68892,1.01,0
1.0,0.0,1.0,0.0,1.0,2.0,0.0,0.0,7.0,7.0,3.0,1.0,7.0,0.0,4.58774256265297e-06,1.4623588214600997e-08,-4.0,-4.0,0.0,1.0,67898,1.008,0
1.0,0.0,1.0,0.0,1.0,2.0,0.0,0.0,6.0,6.0,4.0,1.0,6.0,0.0,3.740556052552486e-06,3.2486719784486255e-07,-3.0,-3.0,0.0,1.0,63226,1.01,0
1.0,0.0,1.0,0.0,1.0,2.0,0.0,0.0,21.0,21.0,3.0,1.0,21.0,0.0,5.3460514879209715e-06,1.1851074079417628e-07,-18.0,-18.0,0.0,1.0,67180,1.009,0
1.0,1.0,0.0,0.0,1.0,2.0,0.0,0.0,3.0,3.0,1.0,1.0,3.0,0.0,5.536356596513244e-06,5.4740945386966426e-08,0.0,0.0,0.0,0.0,69313,1.011,0
1.0,1.0,0.0,0.0,1.0,2.0,0.0,0.0,7.0,7.0,2.0,1.0,7.0,0.0,4.55668020892446e-06,3.900515632989729e-07,-4.0,-4.0,0.0,1.0,64778,1.009,0
1.0,1.0,1.0,1.0,1.0,2.0,0.0,0.0,2.0,2.0,1.0,1.0,2.0,0.0,5.3224651725069735e-06,2.5952634914712157e-08,1.0,1.0,0.0,0.0,62622,1.006,0
1.0,0.0,1.0,0.0,1.0,2.0,0.0,0.0,18.0,18.0,3.0,1.0,18.0,0.0,5.242552595236994e-06,6.935001348274956e-08,-15.0,-15.0,0.0,1.0,69200,1.01,0
1.0,1.0,0.0,0.0,1.0,2.0,0.0,0.0,55.0,55.0,5.0,1.0,55.0,0.0,4.728800050876132e-06,3.725028643345549e-08,-52.0,-52.0,0.0,1.0,67035,1.011,0
1.0,0.0,1.0,0.0,1.0,2.0,0.0,0.0,15.0,15.0,1.0,1.0,15.0,0.0,6.665364937142923e-06,4.756910207892342e-09,-12.0,-12.0,0.0,1.0,70279,1.009,0
2.0,1.0,2.0,0.5,2.0,2.0,0.0,0.0,286.0,421.0,124.0,2.0,564.0,84862.0,3.3463186771050536e-06,0.00024332677679826174,-284.0,-419.0,135.0,1.0,13257,8.969,0
1.0,1.0,0.0,0.0,1.0,2.0,0.0,0.0,76.0,76.0,45.0,1.0,76.0,0.0,2.8604847503242873e-06,3.787418431988369e-05,-73.0,-73.0,0.0,1.0,71648,1.046,0
1.0,1.0,0.0,0.0,1.0,2.0,0.0,0.0,76.0,76.0,45.0,1.0,76.0,0.0,2.8604847503242873e-06,3.787418431988369e-05,-73.0,-73.0,0.0,1.0,71646,2.208,0
1.0,0.0,1.0,0.0,1.0,2.0,0.0,0.0,2.0,2.0,1.0,1.0,2.0,0.0,4.855265979948502e-06,1.7890042713544637e-06,1.0,1.0,0.0,0.0,75703,1.009,0
1.0,0.0,1.0,0.0,1.0,2.0,0.0,0.0,579.0,579.0,67.0,1.0,579.0,0.0,2.8204808571841245e-06,0.00023412891517850403,-576.0,-576.0,0.0,1.0,72997,8.571,0
2.0,2.0,1.0,0.5,2.0,3.0,1.0,1.0,77.0,105.0,72.0,2.0,151.0,22571.0,3.933224865931313e-06,5.751847213137213e-05,-72.0,-100.0,28.0,1.0,17528,3.928,0
1.0,0.0,1.0,0.0,1.0,2.0,0.0,0.0,2.0,2.0,1.0,1.0,2.0,0.0,5.492714298255524e-06,5.653336581343962e-09,1.0,1.0,0.0,0.0,70457,1.009,0
1.0,0.0,1.0,0.0,1.0,2.0,0.0,0.0,581.0,581.0,66.0,1.0,581.0,0.0,2.8805725800002965e-06,0.00015464084151850716,-578.0,-578.0,0.0,1.0,72307,3.809,0
2.0,2.0,0.0,0.0,2.0,2.0,0.0,0.0,922.5,1842.0,69.0,2.0,1844.0,232910.0,4.2853064231415235e-06,0.0006771460542479788,-920.5,-1840.0,919.5,1.0,12676,11.797,0
2.0,1.0,2.0,0.5,2.0,2.0,0.0,0.0,236.0,325.0,124.0,2.0,459.0,85897.0,3.5368158504634747e-06,0.00023967301701971805,-234.0,-323.0,89.0,1.0,21368,11.702,0
1.0,1.0,1.0,1.0,1.0,2.0,0.0,0.0,512.0,512.0,65.0,1.0,512.0,0.0,3.144230624139113e-06,0.00011199997796408989,-509.0,-509.0,0.0,1.0,72083,5.266,0
1.0,1.0,0.0,0.0,1.0,2.0,0.0,0.0,512.0,512.0,65.0,1.0,512.0,0.0,3.144230624139113e-06,0.00011199997796408989,-509.0,-509.0,0.0,1.0,72079,5.264,0
1.0,1.0,0.0,0.0,1.0,2.0,0.0,0.0,1682.0,1682.0,67.0,1.0,1682.0,0.0,3.2914617362127974e-06,0.0003120623549721256,-1679.0,-1679.0,0.0,1.0,74034,2.27,0
1.0,1.0,0.0,0.0,1.0,2.0,0.0,0.0,3.0,3.0,1.0,1.0,3.0,0.0,6.3760537475252865e-06,5.698606779215191e-10,0.0,0.0,0.0,0.0,70137,1.008,0
2.0,1.0,2.0,0.5,2.0,3.0,1.0,1.0,11.0,17.0,14.0,2.0,19.0,7780.0,4.412350868044325e-06,1.6279504117399278e-05,-6.0,-12.0,6.0,0.5,8355,1.014,0
1.0,0.0,1.0,0.0,1.0,2.0,0.0,0.0,5.0,5.0,3.0,1.0,5.0,0.0,4.428075034757781e-06,1.7449642211213406e-06,-2.0,-2.0,0.0,1.0,69688,1.006,0
1.0,1.0,0.0,0.0,1.0,2.0,0.0,0.0,318.0,318.0,67.0,1.0,318.0,0.0,2.853985273430755e-06,0.00013768946581618188,-315.0,-315.0,0.0,1.0,74893,3.744,0
2.0,2.0,0.0,0.0,2.0,3.0,1.0,1.0,310.5,398.0,132.0,2.0,588.0,93663.0,3.56489883886376e-06,0.0002500209563570643,-305.5,-393.0,87.5,1.0,20384,10.772,0
1.0,0.0,1.0,0.0,1.0,2.0,0.0,0.0,366.0,366.0,66.0,1.0,366.0,0.0,2.7508189770527173e-06,0.00013145678252909587,-363.0,-363.0,0.0,1.0,73590,3.557,0
1.0,0.0,1.0,0.0,1.0,2.0,0.0,0.0,6.0,6.0,3.0,1.0,6.0,0.0,4.265450169785346e-06,2.21288916991752e-08,-3.0,-3.0,0.0,1.0,69646,1.014,0
1.0,1.0,0.0,0.0,1.0,2.0,0.0,0.0,962.0,962.0,61.0,1.0,962.0,0.0,3.4341841779103383e-06,9.482535516977815e-05,-959.0,-959.0,0.0,1.0,73440,1.137,0
2.0,0.0,2.0,0.0,2.0,2.0,0.0,0.0,170.5,333.0,73.0,2.0,338.0,70970.0,3.7376301791899343e-06,0.0002182815989676235,-168.5,-331.0,162.5,1.0,10103,13.395,0
1.0,1.0,0.0,0.0,1.0,2.0,0.0,0.0,3.0,3.0,1.0,1.0,3.0,0.0,6.706636416053473e-06,3.9150355067599954e-10,0.0,0.0,0.0,0.0,70318,1.011,0
1.0,1.0,0.0,0.0,1.0,2.0,0.0,0.0,962.0,962.0,61.0,1.0,962.0,0.0,3.4341841779103383e-06,9.482535516977815e-05,-959.0,-959.0,0.0,1.0,73510,6.662,0
1.0,0.0,1.0,0.0,1.0,2.0,0.0,0.0,5.0,5.0,1.0,1.0,5.0,0.0,7.042395888795888e-06,6.208801402684741e-11,-2.0,-2.0,0.0,1.0,71117,1.006,0
1.0,0.0,1.0,0.0,1.0,2.0,0.0,0.0,312.0,312.0,67.0,1.0,312.0,0.0,2.7208936839639664e-06,0.00016928394484794267,-309.0,-309.0,0.0,1.0,75861,9.233,0
1.0,0.0,1.0,0.0,1.0,2.0,0.0,0.0,2.0,2.0,1.0,1.0,2.0,0.0,5.477886251258789e-06,3.1283363635821996e-07,1.0,1.0,0.0,0.0,75422,1.005,0
1.0,1.0,0.0,0.0,1.0,2.0,0.0,0.0,1682.0,1682.0,67.0,1.0,1682.0,0.0,3.2914617362127974e-06,0.0003120623549721256,-1679.0,-1679.0,0.0,1.0,74196,7.756,0
1.0,0.0,1.0,0.0,1.0,2.0,0.0,0.0,616.0,616.0,67.0,1.0,616.0,0.0,2.728674046061356e-06,0.0002923753575353309,-613.0,-613.0,0.0,1.0,75116,13.172,0
1.0,1.0,0.0,0.0,1.0,2.0,0.0,0.0,503.0,503.0,67.0,1.0,503.0,0.0,2.7914078807567717e-06,0.0001692021716819936,-500.0,-500.0,0.0,1.0,73607,2.379,0
1.0,0.0,1.0,0.0,1.0,2.0,0.0,0.0,3.0,3.0,1.0,1.0,3.0,0.0,5.690961828949365e-06,5.148955071301161e-07,0.0,0.0,0.0,0.0,75502,1.012,0
1.0,1.0,0.0,0.0,1.0,2.0,0.0,0.0,962.0,962.0,61.0,1.0,962.0,0.0,3.4341841779103383e-06,9.482535516977815e-05,-959.0,-959.0,0.0,1.0,73544,8.312,0
2.0,0.0,2.0,0.0,2.0,2.0,0.0,0.0,69.5,119.0,79.0,2.0,138.0,43697.0,3.841268630021769e-06,0.00010023053056033608,-67.5,-117.0,49.5,1.0,19275,2.595,0
1.0,1.0,0.0,0.0,1.0,2.0,0.0,0.0,2.0,2.0,1.0,1.0,2.0,0.0,5.232536453509936e-06,1.6962166500952073e-08,1.0,1.0,0.0,0.0,69720,1.009,0
2.0,1.0,2.0,0.5,2.0,2.0,0.0,0.0,133.5,262.0,70.0,2.0,267.0,61107.0,4.33905606702122e-06,0.00019391902683579427,-131.5,-260.0,128.5,1.0,6127,7.764,0
1.0,1.0,0.0,0.0,1.0,2.0,0.0,0.0,2.0,2.0,1.0,1.0,2.0,0.0,5.237670710781874e-06,3.316594215828009e-08,1.0,1.0,0.0,0.0,70106,1.012,0
1.0,1.0,1.0,1.0,1.0,2.0,0.0,0.0,962.0,962.0,61.0,1.0,962.0,0.0,3.4341841779103383e-06,9.482535516977815e-05,-959.0,-959.0,0.0,1.0,73559,3.927,0
1.0,1.0,1.0,1.0,1.0,2.0,0.0,0.0,4.0,4.0,2.0,1.0,4.0,0.0,5.523160231024805e-06,5.850923610231578e-09,-1.0,-1.0,0.0,1.0,69536,1.009,0
2.0,0.0,2.0,0.0,2.0,2.0,0.0,0.0,67.0,110.0,66.0,2.0,131.0,22007.0,3.7781150146641263e-06,5.2969008814967576e-05,-65.0,-108.0,43.0,1.0,10125,3.492,0
2.0,0.0,2.0,0.0,2.0,2.0,0.0,0.0,67.0,131.0,64.0,2.0,134.0,27344.0,4.3096859731639765e-06,6.475968040915112e-05,-65.0,-129.0,64.0,1.0,11471,5.259,0
1.0,0.0,1.0,0.0,1.0,2.0,0.0,0.0,2.0,2.0,1.0,1.0,2.0,0.0,6.5864728913505924e-06,2.1673408714516862e-10,1.0,1.0,0.0,0.0,70740,1.011,0
2.0,0.0,2.0,0.0,2.0,2.0,0.0,0.0,291.5,541.0,100.0,2.0,577.0,101076.0,3.446529039301495e-06,0.0002805732700354459,-289.5,-539.0,249.5,1.0,8309,9.369,0
1.0,1.0,1.0,1.0,1.0,2.0,0.0,0.0,3.0,3.0,1.0,1.0,3.0,0.0,5.4543095106554125e-06,7.019416063970115e-07,0.0,0.0,0.0,0.0,75705,1.006,0
2.0,0.0,2.0,0.0,2.0,2.0,0.0,0.0,141.0,193.0,106.0,2.0,277.0,47704.0,3.799250501196384e-06,0.00011413804176709149,-139.0,-191.0,52.0,1.0,16491,5.139,0
1.0,0.0,1.0,0.0,1.0,2.0,0.0,0.0,3.0,3.0,2.0,1.0,3.0,0.0,4.421354546518401e-06,2.197780085932414e-06,0.0,0.0,0.0,0.0,70236,1.01,0
2.0,0.0,2.0,0.0,2.0,3.0,1.0,1.0,82.0,150.0,65.0,2.0,160.0,30022.0,3.8997975708688e-06,7.049268219390899e-05,-77.0,-145.0,68.0,1.0,21158,2.62,0
1.0,1.0,1.0,1.0,1.0,2.0,0.0,0.0,5.0,5.0,3.0,1.0,5.0,0.0,4.920393679106003e-06,7.902255499226112e-09,-2.0,-2.0,0.0,1.0,69808,1.01,0
1.0,0.0,1.0,0.0,1.0,2.0,0.0,0.0,377.0,377.0,67.0,1.0,377.0,0.0,2.6496624179765915e-06,0.00021798204879747846,-374.0,-374.0,0.0,1.0,74970,12.21,0
1.0,0.0,1.0,0.0,1.0,2.0,0.0,0.0,5.0,5.0,1.0,1.0,5.0,0.0,6.0172767719569665e-06,1.600902394597438e-08,-2.0,-2.0,0.0,1.0,69461,1.003,0
1.0,0.0,1.0,0.0,1.0,2.0,0.0,0.0,2.0,2.0,1.0,1.0,2.0,0.0,5.172073727861753e-06,2.174939946895151e-08,1.0,1.0,0.0,0.0,69795,1.011,0
2.0,1.0,2.0,0.5,2.0,2.0,0.0,0.0,85.0,95.0,106.0,2.0,164.0,46315.0,3.5421208797114958e-06,0.0001108844692602894,-83.0,-93.0,10.0,1.0,20814,8.744,0
1.0,0.0,1.0,0.0,1.0,2.0,0.0,0.0,30.0,30.0,1.0,1.0,30.0,0.0,6.820570513774195e-06,1.7064874252492624e-06,-27.0,-27.0,0.0,1.0,75367,1.012,0
1.0,0.0,1.0,0.0,1.0,2.0,0.0,0.0,3.0,3.0,1.0,1.0,3.0,0.0,5.714518798697649e-06,2.7982492764338805e-08,0.0,0.0,0.0,0.0,70355,1.009,0
1.0,0.0,1.0,0.0,1.0,2.0,0.0,0.0,30.0,30.0,1.0,1.0,30.0,0.0,6.820570513774195e-06,1.7064874252492624e-06,-27.0,-27.0,0.0,1.0,75366,1.012,0
1.0,0.0,1.0,0.0,1.0,2.0,0.0,0.0,2.0,2.0,1.0,1.0,2.0,0.0,6.879423322888507e-06,5.858367261857223e-11,1.0,1.0,0.0,0.0,71164,1.007,0
2.0,0.0,2.0,0.0,2.0,3.0,1.0,1.0,188.0,213.0,134.0,2.0,337.0,71807.0,3.342442636596565e-06,0.0002410140019876813,-183.0,-208.0,25.0,1.0,11607,7.998,0
1.0,1.0,1.0,1.0,1.0,2.0,0.0,0.0,5.0,5.0,1.0,1.0,5.0,0.0,5.995960342097829e-06,2.252873556589413e-08,-2.0,-2.0,0.0,1.0,70553,1.019,0
2.0,1.0,2.0,0.5,2.0,2.0,0.0,0.0,169.0,317.0,83.0,2.0,334.0,63971.0,3.5160045900545004e-06,0.00020829225634376154,-167.0,-315.0,148.0,1.0,3821,16.567,0
2.0,2.0,1.0,0.5,2.0,2.0,0.0,0.0,343.0,393.0,133.0,2.0,637.0,133836.0,3.402929378940099e-06,0.00040100927999719743,-341.0,-391.0,50.0,1.0,8411,11.159,0
1.0,1.0,0.0,0.0,1.0,2.0,0.0,0.0,272.0,272.0,61.0,1.0,272.0,0.0,2.906570115227792e-06,8.869015910013467e-05,-269.0,-269.0,0.0,1.0,71585,1.015,0
1.0,0.0,1.0,0.0,1.0,2.0,0.0,0.0,3.0,3.0,1.0,1.0,3.0,0.0,5.359079794402944e-06,1.991514543734215e-06,0.0,0.0,0.0,0.0,75243,1.012,0
2.0,0.0,2.0,0.0,2.0,2.0,0.0,0.0,258.0,308.0,108.0,2.0,512.0,60013.0,3.9659698740124315e-06,0.00015939569746242164,-256.0,-306.0,50.0,1.0,10625,7.735,0
1.0,0.0,1.0,0.0,1.0,2.0,0.0,0.0,3.0,3.0,1.0,1.0,3.0,0.0,5.690961828949365e-06,5.148955071301161e-07,0.0,0.0,0.0,0.0,75524,1.006,0
1.0,1.0,0.0,0.0,1.0,2.0,0.0,0.0,4.0,4.0,1.0,1.0,4.0,0.0,5.615360546706007e-06,9.37165079092605e-07,-1.0,-1.0,0.0,1.0,75304,1.011,0
1.0,1.0,1.0,1.0,1.0,2.0,0.0,0.0,108.0,108.0,52.0,1.0,108.0,0.0,2.6660187286784985e-06,5.3239395601057646e-05,-105.0,-105.0,0.0,1.0,71600,3.762,0
2.0,2.0,0.0,0.0,2.0,2.0,0.0,0.0,139.0,259.0,82.0,2.0,276.0,52417.0,3.6860697176970525e-06,0.0001360625195387388,-137.0,-257.0,120.0,1.0,13582,7.564,0
1.0,1.0,0.0,0.0,1.0,2.0,0.0,0.0,765.0,765.0,67.0,1.0,765.0,0.0,2.784666113450535e-06,0.0002922533915489567,-762.0,-762.0,0.0,1.0,75023,11.562,0
1.0,0.0,1.0,0.0,1.0,2.0,0.0,0.0,693.0,693.0,66.0,1.0,693.0,0.0,2.984415035079861e-06,0.0001433292305805826,-690.0,-690.0,0.0,1.0,71899,3.819,0
2.0,2.0,2.0,1.0,2.0,2.0,0.0,0.0,268.0,445.0,115.0,2.0,523.0,115746.0,3.397325042638824e-06,0.0003331987682563062,-266.0,-443.0,177.0,1.0,21850,8.725,0
2.0,1.0,1.0,0.0,2.0,2.0,0.0,0.0,135.5,254.0,79.0,2.0,270.0,50686.0,3.708288786911713e-06,0.00015401067833317232,-133.5,-252.0,118.5,1.0,8220,6.436,0
1.0,0.0,1.0,0.0,1.0,2.0,0.0,0.0,377.0,377.0,67.0,1.0,377.0,0.0,2.65176068815026e-06,0.00021947575620032825,-374.0,-374.0,0.0,1.0,72010,8.265,0
1.0,1.0,0.0,0.0,1.0,2.0,0.0,0.0,1682.0,1682.0,67.0,1.0,1682.0,0.0,3.2914617362127974e-06,0.0003120623549721256,-1679.0,-1679.0,0.0,1.0,74334,9.204,0
1.0,1.0,0.0,0.0,1.0,2.0,0.0,0.0,9.0,9.0,3.0,1.0,9.0,0.0,4.346953471419139e-06,8.608227049629397e-09,-6.0,-6.0,0.0,1.0,69581,1.008,0
1.0,1.0,0.0,0.0,1.0,2.0,0.0,0.0,2.0,2.0,1.0,1.0,2.0,0.0,6.648563452324362e-06,3.595235481447041e-10,1.0,1.0,0.0,0.0,71081,1.012,0
2.0,0.0,2.0,0.0,2.0,2.0,0.0,0.0,123.0,133.0,114.0,2.0,238.0,45512.0,3.7015409402555133e-06,0.000124559088491281,-121.0,-131.0,10.0,1.0,13672,5.174,0
1.0,0.0,1.0,0.0,1.0,2.0,0.0,0.0,2.0,2.0,1.0,1.0,2.0,0.0,5.372431947940661e-06,1.2123809626239266e-08,1.0,1.0,0.0,0.0,69370,1.006,0
2.0,2.0,1.0,0.5,2.0,3.0,1.0,1.0,168.5,275.0,99.0,2.0,313.0,58852.0,3.3868876980559725e-06,0.0001711435232995256,-163.5,-270.0,106.5,1.0,12254,6.93,0
1.0,0.0,1.0,0.0,1.0,2.0,0.0,0.0,3.0,3.0,2.0,1.0,3.0,0.0,5.197647739787947e-06,1.2072751286543957e-08,0.0,0.0,0.0,0.0,69844,1.006,0
2.0,0.0,2.0,0.0,1.0,2.0,0.0,0.0,26.0,51.0,29.0,1.0,52.0,5534.0,7.177215651649256e-06,1.4435060806059223e-05,-24.0,-49.0,25.0,0.5,16519,1.025,0
2.0,0.0,2.0,0.0,2.0,3.0,1.0,1.0,476.0,514.0,133.0,2.0,899.0,124487.0,3.6637222696129227e-06,0.0003685295576195981,-471.0,-509.0,38.0,1.0,4437,18.522,0
1.0,0.0,1.0,0.0,1.0,2.0,0.0,0.0,2.0,2.0,1.0,1.0,2.0,0.0,5.445946862940163e-06,1.146099665612966e-08,1.0,1.0,0.0,0.0,69371,1.004,0
2.0,1.0,1.0,0.0,2.0,2.0,0.0,0.0,275.0,547.0,69.0,2.0,549.0,105772.0,4.126411575205501e-06,0.00033059886160849043,-273.0,-545.0,272.0,1.0,5460,4.978,0
2.0,1.0,2.0,0.5,2.0,2.0,0.0,0.0,225.5,389.0,113.0,2.0,448.0,77189.0,3.523976088836195e-06,0.00021105130948393414,-223.5,-387.0,163.5,1.0,15720,7.143,0
2.0,0.0,2.0,0.0,2.0,2.0,0.0,0.0,173.0,223.0,116.0,2.0,331.0,54513.0,3.4232222637563882e-06,0.00016623377575531017,-171.0,-221.0,50.0,1.0,11282,5.409,0
1.0,0.0,1.0,0.0,1.0,2.0,0.0,0.0,3.0,3.0,2.0,1.0,3.0,0.0,4.2071121185935855e-06,1.996321794585089e-06,0.0,0.0,0.0,0.0,70407,1.006,0
2.0,1.0,1.0,0.0,2.0,2.0,0.0,0.0,70.0,131.0,63.0,2.0,139.0,28760.0,4.354011552499162e-06,6.820796673560985e-05,-68.0,-129.0,61.0,1.0,16699,6.386,0
2.0,0.0,2.0,0.0,1.0,2.0,0.0,0.0,76.5,151.0,67.0,2.0,153.0,38989.0,7.175972701813555e-06,0.00010173856127751235,-74.5,-149.0,74.5,0.5,13954,3.805,0
2.0,2.0,0.0,0.0,2.0,3.0,1.0,1.0,317.0,576.0,96.0,2.0,610.0,57209.0,3.986513599291572e-06,0.00011498351893584919,-312.0,-571.0,259.0,1.0,14499,4.069,0
1.0,0.0,1.0,0.0,1.0,2.0,0.0,0.0,4.0,4.0,3.0,1.0,4.0,0.0,3.6613664597664354e-06,7.900351772898356e-09,-1.0,-1.0,0.0,1.0,70614,1.012,0
2.0,2.0,0.0,0.0,2.0,2.0,0.0,0.0,428.0,622.0,119.0,2.0,812.0,74630.0,4.384532491131265e-06,0.0001626881377676449,-426.0,-620.0,194.0,1.0,19690,11.796,0
1.0,0.0,1.0,0.0,1.0,2.0,0.0,0.0,6.0,6.0,1.0,1.0,6.0,0.0,6.317806375624698e-06,3.796145139570294e-09,-3.0,-3.0,0.0,1.0,69450,1.005,0
1.0,1.0,0.0,0.0,1.0,2.0,0.0,0.0,1842.0,1842.0,67.0,1.0,1842.0,0.0,2.768479062549168e-06,0.0006767600025516667,-1839.0,-1839.0,0.0,1.0,74405,6.763,0
1.0,0.0,1.0,0.0,1.0,2.0,0.0,0.0,7.0,7.0,2.0,1.0,7.0,0.0,5.593092105336972e-06,7.855407854225186e-09,-4.0,-4.0,0.0,1.0,69712,1.008,0
1.0,1.0,1.0,1.0,1.0,2.0,0.0,0.0,5.0,5.0,3.0,1.0,5.0,0.0,4.4024718719847985e-06,5.727837532117903e-08,-2.0,-2.0,0.0,1.0,69431,1.012,0
2.0,2.0,2.0,1.0,2.0,3.0,1.0,1.0,119.0,205.0,86.0,2.0,228.0,59757.0,3.574219369538735e-06,0.00014547973594635012,-114.0,-200.0,86.0,1.0,19140,6.082,0
2.0,0.0,2.0,0.0,2.0,2.0,0.0,0.0,208.0,263.0,119.0,2.0,411.0,64997.0,3.6862091002929535e-06,0.00016623175783258786,-206.0,-261.0,55.0,1.0,13390,7.932,0
1.0,1.0,0.0,0.0,1.0,2.0,0.0,0.0,1682.0,1682.0,67.0,1.0,1682.0,0.0,3.2914617362127974e-06,0.0003120623549721256,-1679.0,-1679.0,0.0,1.0,74087,8.691,0
1.0,0.0,1.0,0.0,1.0,2.0,0.0,0.0,517.0,517.0,67.0,1.0,517.0,0.0,2.8034855820673297e-06,0.00017258723417258443,-514.0,-514.0,0.0,1.0,72181,3.56,0
1.0,0.0,1.0,0.0,1.0,2.0,0.0,0.0,2.0,2.0,1.0,1.0,2.0,0.0,5.686661263766423e-06,1.5659938829936353e-09,1.0,1.0,0.0,0.0,70743,1.01,0
2.0,1.0,1.0,0.0,2.0,2.0,0.0,0.0,10.0,12.0,15.0,2.0,20.0,3446.0,4.471567170698948e-06,6.614001474191326e-06,-8.0,-10.0,2.0,1.0,44779,2.302,0
2.0,0.0,2.0,0.0,2.0,3.0,1.0,1.0,166.0,170.0,72.0,2.0,278.0,17982.0,4.321029483868245e-06,3.4205269106603e-05,-161.0,-165.0,4.0,1.0,37806,5.145,0
2.0,0.0,2.0,0.0,1.0,2.0,0.0,0.0,7.5,14.0,10.0,1.0,15.0,695.0,7.81701770254102e-06,8.144758078714816e-07,-5.5,-12.0,6.5,0.5,63414,1.023,0
2.0,2.0,1.0,0.5,2.0,3.0,1.0,1.0,6.5,8.0,9.0,2.0,11.0,1262.0,4.963020026833253e-06,2.244602365760971e-06,-1.5,-3.0,1.5,0.5,54530,1.021,0
2.0,1.0,1.0,0.0,1.0,2.0,0.0,0.0,98.5,196.0,55.0,1.0,197.0,20525.0,7.289412075352816e-06,3.958238815966955e-05,-96.5,-194.0,97.5,0.5,37534,3.866,0
2.0,0.0,2.0,0.0,2.0,2.0,0.0,0.0,302.0,414.0,126.0,2.0,587.0,108860.0,3.5128641149647213e-06,0.00032337711072403304,-300.0,-412.0,112.0,1.0,24770,9.252,0
2.0,1.0,1.0,0.0,2.0,2.0,0.0,0.0,91.5,99.0,89.0,2.0,179.0,36651.0,3.8416303574182146e-06,6.649188441294401e-05,-89.5,-97.0,7.5,1.0,41028,3.9,0
2.0,2.0,1.0,0.5,2.0,3.0,1.0,1.0,178.0,324.0,74.0,2.0,351.0,42339.0,3.869176067623511e-06,7.08192094301961e-05,-173.0,-319.0,146.0,1.0,59443,5.052,0
2.0,0.0,2.0,0.0,2.0,2.0,0.0,0.0,422.0,814.0,80.0,2.0,844.0,89717.0,4.430835297168722e-06,0.00022715005765015634,-420.0,-812.0,392.0,1.0,56432,7.814,0
2.0,0.0,2.0,0.0,2.0,2.0,0.0,0.0,54.5,101.0,69.0,2.0,109.0,31054.0,3.84580070643955e-06,7.95846407677798e-05,-52.5,-99.0,46.5,1.0,25707,3.564,0
2.0,1.0,2.0,0.5,2.0,2.0,0.0,0.0,32.5,57.0,41.0,2.0,65.0,15092.0,4.086961567126332e-06,3.2230115423182854e-05,-30.5,-55.0,24.5,1.0,31218,3.592,0
2.0,1.0,2.0,0.5,2.0,2.0,0.0,0.0,26.0,37.0,27.0,2.0,52.0,3673.0,4.440351460608002e-06,7.513061245839134e-06,-24.0,-35.0,11.0,1.0,54394,1.023,0
2.0,2.0,0.0,0.0,2.0,3.0,1.0,1.0,77.0,151.0,52.0,2.0,152.0,20228.0,5.68609480668434e-06,4.8237035800195266e-05,-72.0,-146.0,74.0,0.5,36303,3.781,0
2.0,2.0,0.0,0.0,1.0,2.0,0.0,0.0,35.0,69.0,45.0,1.0,70.0,17887.0,7.207002816117313e-06,3.947947245520188e-05,-33.0,-67.0,34.0,0.5,42256,2.23,0
2.0,1.0,2.0,0.5,2.0,2.0,0.0,0.0,17.5,22.0,27.0,2.0,35.0,11690.0,3.863485413710368e-06,1.950973220932357e-05,-15.5,-20.0,4.5,1.0,32368,1.011,0
2.0,0.0,2.0,0.0,2.0,2.0,0.0,0.0,83.0,127.0,92.0,2.0,164.0,34443.0,3.44148106285287e-06,9.76664026856369e-05,-81.0,-125.0,44.0,1.0,36389,3.591,0
2.0,2.0,2.0,1.0,1.0,2.0,0.0,0.0,17.0,33.0,29.0,1.0,34.0,11953.0,6.9930729120085745e-06,2.6773437431900404e-05,-15.0,-31.0,16.0,0.5,43020,2.117,0
2.0,1.0,2.0,0.5,2.0,2.0,0.0,0.0,201.0,369.0,69.0,2.0,402.0,31138.0,4.723533511814732e-06,5.3098997344724045e-05,-199.0,-367.0,168.0,1.0,42896,5.175,0
2.0,1.0,1.0,0.0,2.0,3.0,1.0,1.0,304.5,581.0,84.0,2.0,593.0,66724.0,3.933365681306653e-06,0.00015919212816828483,-299.5,-576.0,276.5,1.0,48218,11.678,0
2.0,1.0,2.0,0.5,2.0,3.0,1.0,1.0,126.0,127.0,116.0,2.0,236.0,44064.0,3.3600284884214967e-06,0.00012118386709181324,-121.0,-122.0,1.0,1.0,36426,8.521,0
2.0,0.0,2.0,0.0,2.0,2.0,0.0,0.0,251.5,450.0,93.0,2.0,496.0,62254.0,4.025822104756693e-06,0.0001453837861611127,-249.5,-448.0,198.5,1.0,56071,7.569,0
2.0,1.0,2.0,0.5,2.0,3.0,1.0,1.0,33.0,56.0,29.0,2.0,56.0,5440.0,4.599527356489146e-06,1.0395425298733476e-05,-28.0,-51.0,23.0,1.0,55074,2.443,0
2.0,1.0,2.0,0.5,2.0,3.0,1.0,1.0,17.5,32.0,20.0,2.0,32.0,6422.0,4.749430479942811e-06,1.542461845249367e-05,-12.5,-27.0,14.5,0.5,27835,2.353,0
2.0,0.0,2.0,0.0,2.0,3.0,1.0,1.0,21.5,34.0,20.0,2.0,37.0,5637.0,4.511572828814049e-06,1.1547131838847996e-05,-16.5,-29.0,12.5,1.0,46601,3.958,0
2.0,0.0,2.0,0.0,2.0,2.0,0.0,0.0,58.5,105.0,66.0,2.0,117.0,32741.0,3.5818097138325065e-06,7.243607138842761e-05,-56.5,-103.0,46.5,1.0,29403,1.034,0
2.0,0.0,2.0,0.0,2.0,3.0,1.0,1.0,39.0,66.0,37.0,2.0,72.0,12527.0,4.324140148595348e-06,1.8467954307874027e-05,-34.0,-61.0,27.0,1.0,52784,1.013,0
2.0,2.0,2.0,1.0,1.0,2.0,0.0,0.0,32.5,64.0,38.0,1.0,65.0,11260.0,7.131666961860369e-06,2.6868408598654166e-05,-30.5,-62.0,31.5,0.5,27532,2.16,0
2.0,2.0,2.0,1.0,2.0,3.0,1.0,1.0,33.5,65.0,39.0,2.0,65.0,11356.0,4.727755492302721e-06,1.63305308745976e-05,-28.5,-60.0,31.5,0.5,56314,3.749,0
2.0,1.0,2.0,0.5,2.0,3.0,1.0,1.0,11.5,20.0,14.0,2.0,21.0,4071.0,4.933769143866014e-06,8.7474597825961e-06,-6.5,-15.0,8.5,0.5,47395,1.026,0
2.0,1.0,1.0,0.0,2.0,3.0,1.0,1.0,10.5,16.0,14.0,2.0,18.0,4554.0,4.793237280186794e-06,5.853575795435819e-06,-5.5,-11.0,5.5,0.5,52625,1.019,0
2.0,2.0,0.0,0.0,2.0,3.0,1.0,1.0,300.0,345.0,111.0,2.0,581.0,62951.0,4.416840858040821e-06,0.0001223977705267026,-295.0,-340.0,45.0,1.0,45121,6.388,0
2.0,1.0,2.0,0.5,2.0,3.0,1.0,1.0,4.5,7.0,4.0,2.0,7.0,165.0,8.238143540009422e-06,3.3426087179274143e-07,0.5,-2.0,2.5,0.5,59880,1.019,0
2.0,1.0,2.0,0.5,2.0,3.0,1.0,1.0,113.0,220.0,32.0,2.0,222.0,8184.0,5.1274565146553655e-06,1.1050049881522174e-05,-108.0,-215.0,107.0,1.0,56234,1.013,0
2.0,0.0,2.0,0.0,2.0,3.0,1.0,1.0,13.5,19.0,18.0,2.0,25.0,8036.0,4.65494743186034e-06,1.5407739221805276e-05,-8.5,-14.0,5.5,1.0,48630,3.666,0
2.0,1.0,2.0,0.5,2.0,3.0,1.0,1.0,16.0,27.0,20.0,2.0,29.0,2913.0,4.582411693771984e-06,7.135365143053867e-06,-11.0,-22.0,11.0,0.5,55804,1.023,0
2.0,1.0,2.0,0.5,1.0,2.0,0.0,0.0,7.0,13.0,8.0,1.0,14.0,525.0,7.955897541401328e-06,1.0968392460169297e-06,-5.0,-11.0,6.0,0.5,52113,1.013,0
2.0,2.0,0.0,0.0,2.0,2.0,0.0,0.0,952.5,1626.0,111.0,2.0,1895.0,186404.0,4.0991342817919364e-06,0.0005203202094705393,-950.5,-1624.0,673.5,1.0,43430,14.873,0
2.0,2.0,1.0,0.5,2.0,3.0,1.0,1.0,6.5,11.0,9.0,2.0,11.0,2071.0,5.764378026764784e-06,3.2457684890947917e-06,-1.5,-6.0,4.5,0.5,56742,1.032,0
2.0,2.0,0.0,0.0,2.0,3.0,1.0,1.0,58.0,105.0,44.0,2.0,107.0,12610.0,4.356259773381463e-06,2.5712608409319937e-05,-53.0,-100.0,47.0,1.0,43164,1.044,0
2.0,2.0,0.0,0.0,2.0,3.0,1.0,1.0,10.5,12.0,10.0,2.0,14.0,567.0,4.6983178641262265e-06,7.968092178667934e-07,-5.5,-7.0,1.5,1.0,63259,1.028,0
2.0,1.0,1.0,0.0,1.0,2.0,0.0,0.0,185.0,369.0,47.0,1.0,370.0,16167.0,8.52498943187837e-06,2.8723497140747283e-05,-183.0,-367.0,184.0,0.5,42788,1.063,0
2.0,2.0,1.0,0.5,2.0,3.0,1.0,1.0,93.0,166.0,67.0,2.0,181.0,35817.0,3.959395833109614e-06,5.99846361016679e-05,-88.0,-161.0,73.0,1.0,35597,7.77,0
2.0,0.0,2.0,0.0,2.0,2.0,0.0,0.0,15.0,21.0,22.0,2.0,30.0,5633.0,4.210626991667128e-06,1.0357876730638081e-05,-13.0,-19.0,6.0,1.0,56114,1.009,0
2.0,0.0,2.0,0.0,2.0,2.0,0.0,0.0,8.0,9.0,9.0,2.0,16.0,1423.0,4.582796118504948e-06,3.2777515555837695e-06,-6.0,-7.0,1.0,1.0,42448,1.017,0
2.0,1.0,1.0,0.0,2.0,3.0,1.0,1.0,9.0,11.0,7.0,2.0,12.0,387.0,5.7419830461196e-06,9.447037134633237e-07,-4.0,-6.0,2.0,1.0,53329,1.015,0
2.0,2.0,1.0,0.5,2.0,3.0,1.0,1.0,6.5,10.0,8.0,2.0,10.0,540.0,5.762914655126151e-06,1.0857441671078875e-06,-1.5,-5.0,3.5,0.5,61707,1.024,0
2.0,2.0,0.0,0.0,1.0,2.0,0.0,0.0,198.0,395.0,63.0,1.0,396.0,49175.0,7.2776196719870326e-06,8.871273928625916e-05,-196.0,-393.0,197.0,0.5,34080,2.251,0
2.0,0.0,2.0,0.0,2.0,3.0,1.0,1.0,149.5,272.0,73.0,2.0,279.0,41686.0,4.393432170704486e-06,0.00011320427898511703,-144.5,-267.0,122.5,1.0,29736,5.11,0
2.0,2.0,0.0,0.0,2.0,3.0,1.0,1.0,94.0,96.0,77.0,2.0,181.0,27330.0,4.000510663621873e-06,5.4753388964780444e-05,-89.0,-91.0,2.0,1.0,35523,3.822,0
2.0,0.0,2.0,0.0,2.0,2.0,0.0,0.0,101.0,194.0,71.0,2.0,202.0,38495.0,4.170062690095999e-06,0.00010414105291161293,-99.0,-192.0,93.0,1.0,27361,5.036,0
2.0,2.0,0.0,0.0,2.0,2.0,0.0,0.0,134.5,226.0,79.0,2.0,266.0,28419.0,3.998003702591815e-06,7.062983567627647e-05,-132.5,-224.0,91.5,1.0,30913,3.848,0
2.0,1.0,2.0,0.5,2.0,3.0,1.0,1.0,118.0,151.0,111.0,2.0,227.0,47033.0,3.683435646805717e-06,0.00012355333008474064,-113.0,-146.0,33.0,1.0,28646,6.066,0
2.0,1.0,1.0,0.0,1.0,2.0,0.0,0.0,27.0,53.0,26.0,1.0,54.0,6787.0,7.377427570956709e-06,1.056934474419725e-05,-25.0,-51.0,26.0,0.5,50794,1.02,0
2.0,1.0,1.0,0.0,2.0,3.0,1.0,1.0,104.5,166.0,79.0,2.0,202.0,36973.0,3.8024664697466306e-06,6.626371804068573e-05,-99.5,-161.0,61.5,1.0,35595,5.137,0
2.0,2.0,0.0,0.0,2.0,2.0,0.0,0.0,304.5,601.0,59.0,2.0,609.0,31906.0,5.134572050622539e-06,5.839657759768654e-05,-302.5,-599.0,296.5,1.0,38026,2.56,0
2.0,0.0,2.0,0.0,2.0,2.0,0.0,0.0,98.0,190.0,61.0,2.0,196.0,26792.0,5.431303468839087e-06,6.314835403960776e-05,-96.0,-188.0,92.0,1.0,24765,5.273,0
2.0,2.0,0.0,0.0,2.0,3.0,1.0,1.0,15.5,18.0,15.0,2.0,27.0,4315.0,4.8020346418576595e-06,7.311843873080747e-06,-10.5,-13.0,2.5,1.0,50702,2.473,0
2.0,2.0,1.0,0.5,2.0,3.0,1.0,1.0,9.0,15.0,10.0,2.0,16.0,5863.0,5.333707154623138e-06,1.2423827526950964e-05,-4.0,-10.0,6.0,0.5,44900,2.42,0
2.0,1.0,1.0,0.0,2.0,2.0,0.0,0.0,321.0,439.0,97.0,2.0,631.0,75128.0,4.67484832236543e-06,0.00016608879558964012,-319.0,-437.0,118.0,1.0,40032,11.89,0
2.0,1.0,1.0,0.0,2.0,2.0,0.0,0.0,2.5,3.0,4.0,2.0,5.0,14.0,7.973159842383919e-06,4.263262812588178e-08,-0.5,-1.0,0.5,0.5,63364,1.02,0
2.0,2.0,2.0,1.0,2.0,3.0,1.0,1.0,11.5,18.0,15.0,2.0,18.0,2343.0,4.392828295830671e-06,6.880962376523498e-06,-6.5,-13.0,6.5,0.5,50010,1.016,0
2.0,1.0,1.0,0.0,2.0,3.0,1.0,1.0,102.5,125.0,83.0,2.0,198.0,29864.0,3.916405970410097e-06,5.5410301139281276e-05,-97.5,-120.0,22.5,1.0,39673,5.299,0
2.0,0.0,2.0,0.0,2.0,2.0,0.0,0.0,44.0,86.0,52.0,2.0,88.0,21164.0,5.110805240617404e-06,4.726832601800483e-05,-42.0,-84.0,42.0,0.5,28986,1.047,0
2.0,2.0,0.0,0.0,2.0,2.0,0.0,0.0,15.5,26.0,18.0,2.0,27.0,2406.0,4.246545952941765e-06,5.066952610373456e-06,-13.5,-24.0,10.5,1.0,53287,1.02,0
2.0,0.0,2.0,0.0,2.0,2.0,0.0,0.0,89.5,95.0,106.0,2.0,174.0,37859.0,3.437710447209171e-06,9.910839236228013e-05,-87.5,-93.0,5.5,1.0,25479,6.126,0
2.0,2.0,1.0,0.5,2.0,3.0,1.0,1.0,136.0,231.0,71.0,2.0,269.0,28110.0,4.162529432059301e-06,4.964988600641424e-05,-131.0,-226.0,95.0,1.0,22766,4.981,0
2.0,2.0,2.0,1.0,2.0,3.0,1.0,1.0,12.0,21.0,16.0,2.0,22.0,2566.0,6.0265263525464935e-06,4.131581344549597e-06,-7.0,-16.0,9.0,0.5,49504,2.299,0
2.0,2.0,0.0,0.0,1.0,2.0,0.0,0.0,77.0,153.0,56.0,1.0,154.0,23436.0,7.256393719774043e-06,5.685896327881792e-05,-75.0,-151.0,76.0,0.5,40448,2.512,0
2.0,2.0,0.0,0.0,1.0,2.0,0.0,0.0,3.5,6.0,4.0,1.0,7.0,78.0,8.845878179321763e-06,1.0124249676921236e-07,-1.5,-4.0,2.5,0.5,61579,1.011,0
2.0,1.0,2.0,0.5,2.0,2.0,0.0,0.0,1636.0,3044.0,108.0,2.0,3242.0,257273.0,4.051240800331325e-06,0.000760869656736817,-1634.0,-3042.0,1408.0,1.0,38625,18.975,0
2.0,1.0,1.0,0.0,2.0,3.0,1.0,1.0,43.5,83.0,47.0,2.0,83.0,20222.0,4.350055809049374e-06,4.040225184536727e-05,-38.5,-78.0,39.5,0.5,25694,1.014,0
2.0,1.0,1.0,0.0,2.0,2.0,0.0,0.0,67.5,73.0,81.0,2.0,135.0,27169.0,3.8040008954117464e-06,6.129487155674081e-05,-65.5,-71.0,5.5,1.0,32600,4.93,0
2.0,1.0,2.0,0.5,1.0,2.0,0.0,0.0,29.0,56.0,47.0,2.0,58.0,14997.0,7.205769273788587e-06,3.715168447156006e-05,-27.0,-54.0,27.0,0.5,39825,3.745,0
2.0,0.0,2.0,0.0,2.0,2.0,0.0,0.0,60.5,73.0,64.0,2.0,120.0,18916.0,4.1848760634903944e-06,3.350690025291416e-05,-58.5,-71.0,12.5,1.0,51755,1.027,0
2.0,1.0,1.0,0.0,2.0,2.0,0.0,0.0,95.5,185.0,54.0,2.0,190.0,27162.0,4.2056374303015264e-06,4.5506376335841025e-05,-93.5,-183.0,89.5,1.0,43593,3.736,0
2.0,0.0,2.0,0.0,1.0,2.0,0.0,0.0,5.0,9.0,7.0,1.0,10.0,1618.0,7.837407146708239e-06,3.7286186014525907e-06,-3.0,-7.0,4.0,0.5,51648,1.019,0
2.0,0.0,2.0,0.0,2.0,3.0,1.0,1.0,26.5,27.0,37.0,2.0,49.0,6631.0,3.866238057926331e-06,1.4961520649107404e-05,-21.5,-22.0,0.5,1.0,43107,1.026,0
2.0,0.0,2.0,0.0,2.0,2.0,0.0,0.0,157.5,216.0,123.0,2.0,307.0,60888.0,3.444516476271168e-06,0.00016528897956011125,-155.5,-214.0,58.5,1.0,28591,6.432,0
2.0,1.0,1.0,0.0,1.0,2.0,0.0,0.0,27.5,54.0,42.0,1.0,55.0,20532.0,7.138052983807017e-06,4.511438072602877e-05,-25.5,-52.0,26.5,0.5,43773,2.446,0
2.0,1.0,2.0,0.5,2.0,2.0,0.0,0.0,116.5,225.0,70.0,2.0,233.0,60636.0,4.55854544951511e-06,0.00016044036162292223,-114.5,-223.0,108.5,1.0,25237,5.344,0
2.0,0.0,2.0,0.0,2.0,2.0,0.0,0.0,60.0,103.0,47.0,2.0,120.0,18627.0,4.7050714497382326e-06,3.323396163087084e-05,-58.0,-101.0,43.0,1.0,38892,2.403,0
2.0,2.0,0.0,0.0,2.0,3.0,1.0,1.0,201.5,236.0,100.0,2.0,294.0,36170.0,3.94931229284338e-06,9.267999990710802e-05,-196.5,-231.0,34.5,1.0,24042,9.104,0
2.0,2.0,0.0,0.0,2.0,3.0,1.0,1.0,123.0,244.0,64.0,2.0,244.0,44719.0,4.875905136129828e-06,8.430661216283208e-05,-118.0,-239.0,121.0,0.5,33498,2.236,0
2.0,2.0,0.0,0.0,1.0,2.0,0.0,0.0,140.0,279.0,45.0,1.0,280.0,15060.0,7.574451024181221e-06,2.7320950148459144e-05,-138.0,-277.0,139.0,0.5,43409,3.71,0
2.0,0.0,2.0,0.0,2.0,2.0,0.0,0.0,40.0,75.0,37.0,2.0,80.0,12219.0,5.393311015802346e-06,2.1383229640014546e-05,-38.0,-73.0,35.0,1.0,49185,2.3,0
2.0,2.0,1.0,0.5,2.0,2.0,0.0,0.0,200.5,323.0,109.0,2.0,397.0,66826.0,3.6898519935042513e-06,0.00013686204249706348,-198.5,-321.0,122.5,1.0,41059,2.413,0
2.0,1.0,1.0,0.0,2.0,3.0,1.0,1.0,14.0,16.0,21.0,2.0,16.0,896.0,3.8032824426882745e-06,1.6616809537929488e-06,-9.0,-11.0,2.0,1.0,51118,1.017,0
2.0,0.0,2.0,0.0,2.0,2.0,0.0,0.0,53.5,104.0,39.0,2.0,107.0,12050.0,6.0560531685809095e-06,2.18823129820096e-05,-51.5,-102.0,50.5,1.0,41652,2.362,0
2.0,1.0,2.0,0.5,2.0,3.0,1.0,1.0,86.5,125.0,95.0,2.0,157.0,36108.0,3.4001297665744053e-06,9.608594780260421e-05,-81.5,-120.0,38.5,1.0,38384,6.503,0
2.0,1.0,1.0,0.0,2.0,3.0,1.0,1.0,15.0,22.0,7.0,2.0,23.0,376.0,6.650140368193398e-06,7.311522300576393e-07,-10.0,-17.0,7.0,1.0,54128,1.014,0
2.0,2.0,0.0,0.0,2.0,2.0,0.0,0.0,17.0,32.0,11.0,2.0,34.0,975.0,6.18137315383031e-06,2.0002034836535655e-06,-15.0,-30.0,15.0,0.5,57135,1.022,0
2.0,0.0,2.0,0.0,2.0,2.0,0.0,0.0,143.5,268.0,74.0,2.0,285.0,42404.0,3.960578392982939e-06,0.00010618659711741175,-141.5,-266.0,124.5,1.0,51656,3.698,0
2.0,2.0,0.0,0.0,2.0,3.0,1.0,1.0,13.0,21.0,11.0,2.0,21.0,1593.0,5.542479537878535e-06,3.438836189127389e-06,-8.0,-16.0,8.0,0.5,59754,2.425,0
2.0,1.0,1.0,0.0,1.0,2.0,0.0,0.0,4.0,7.0,4.0,1.0,8.0,977.0,8.873732790625486e-06,2.624243269672457e-06,-2.0,-5.0,3.0,0.5,55366,2.308,0
2.0,0.0,2.0,0.0,2.0,3.0,1.0,1.0,10.5,12.0,14.0,2.0,17.0,3756.0,4.407240810257818e-06,7.131098752813234e-06,-5.5,-7.0,1.5,1.0,50631,1.014,0
2.0,1.0,2.0,0.5,2.0,2.0,0.0,0.0,371.5,719.0,86.0,2.0,743.0,105613.0,3.578424581930275e-06,0.00031042361402091353,-369.5,-717.0,347.5,1.0,58793,7.945,0
2.0,1.0,1.0,0.0,2.0,2.0,0.0,0.0,485.5,962.0,65.0,2.0,971.0,49114.0,4.85050274396263e-06,9.552740508487758e-05,-483.5,-960.0,476.5,1.0,61386,2.462,0
2.0,1.0,2.0,0.5,1.0,2.0,0.0,0.0,55.5,110.0,56.0,1.0,111.0,22465.0,6.946582015189623e-06,5.385928623837234e-05,-53.5,-108.0,54.5,0.5,22585,2.703,0
2.0,0.0,2.0,0.0,2.0,3.0,1.0,1.0,187.0,220.0,72.0,2.0,354.0,22111.0,4.535395065272535e-06,3.9959680214316895e-05,-182.0,-215.0,33.0,1.0,29492,9.353,0
2.0,2.0,0.0,0.0,1.0,2.0,0.0,0.0,33.5,66.0,38.0,1.0,67.0,17730.0,7.318266171876374e-06,2.7272002008286735e-05,-31.5,-64.0,32.5,0.5,57921,3.801,0
3.0,0.0,3.0,0.0,3.0,2.0,0.0,0.0,162.33333333333334,386.0,122.0,3.0,482.0,141550.0,4.7711572368075625e-06,0.0001728449684429513,-161.33333333333334,-385.0,159.4162963926698,1.0,25734,8.737,0
3.0,0.0,3.0,0.0,3.0,2.0,0.0,0.0,68.66666666666667,170.0,87.0,3.0,205.0,83858.0,5.016225970169566e-06,0.00010060586061731463,-67.66666666666667,-169.0,71.65813902753048,1.0,22157,6.63,0
3.0,3.0,2.0,0.6666666666666666,3.0,2.0,0.0,0.0,25.0,65.0,43.0,3.0,74.0,20958.0,6.318925031747398e-06,2.686720182941234e-05,-24.0,-64.0,28.29605390627228,1.0,38269,2.207,0
3.0,1.0,2.0,0.0,2.0,2.0,0.0,0.0,629.6666666666666,1682.0,131.0,2.0,1868.0,285548.0,7.6215593487955904e-06,0.0004000842990211125,-628.6666666666666,-1681.0,748.8036384052156,0.6666666666666666,37034,17.208,0
3.0,3.0,1.0,0.3333333333333333,1.0,2.0,0.0,0.0,4.666666666666667,12.0,11.0,1.0,14.0,1844.0,1.2513673395382362e-05,2.008765691312948e-06,-3.6666666666666665,-11.0,5.185449728701349,0.3333333333333333,51710,1.017,0
3.0,3.0,1.0,0.3333333333333333,3.0,2.0,0.0,0.0,160.66666666666666,189.0,173.0,3.0,467.0,166548.0,4.658038701703997e-06,0.00020962409955885316,-159.66666666666666,-188.0,33.24989557210005,1.0,9482,7.822,0
3.0,0.0,3.0,0.0,3.0,2.0,0.0,0.0,121.0,188.0,166.0,3.0,345.0,151282.0,4.200713864666658e-06,0.00023004076989430604,-120.0,-187.0,57.31201153917622,1.0,10952,7.83,0
3.0,3.0,0.0,0.0,3.0,3.0,1.0,0.3333333333333333,10.0,12.0,9.0,3.0,23.0,148.0,8.534475251141265e-06,4.4317113422902706e-10,-7.0,-10.0,2.9439202887759484,1.0,75797,1.034,0
3.0,3.0,2.0,0.6666666666666666,2.0,2.0,0.0,0.0,11.333333333333334,26.0,11.0,3.0,32.0,1598.0,7.762460850388854e-06,1.2679078497428978e-06,-10.333333333333334,-25.0,10.402991022884823,1.0,66416,1.027,0
2.0,1.0,1.0,0.0,2.0,2.0,0.0,0.0,414.0,814.0,74.0,2.0,827.0,107489.0,3.940845919497542e-06,0.0002728560927069733,-412.0,-812.0,400.0,1.0,64179,11.743,0
3.0,2.0,1.0,0.0,1.0,2.0,0.0,0.0,3.0,7.0,7.0,1.0,9.0,2148.0,1.3094721774573677e-05,1.3380420937121462e-06,-2.0,-6.0,2.8284271247461903,0.3333333333333333,67730,1.033,0
3.0,2.0,1.0,0.0,1.0,2.0,0.0,0.0,3.0,7.0,6.0,1.0,9.0,604.0,1.4396079022544632e-05,6.135461073585382e-07,-2.0,-6.0,2.8284271247461903,0.3333333333333333,53036,1.024,0
3.0,3.0,0.0,0.0,3.0,3.0,1.0,0.3333333333333333,1104.6666666666667,1682.0,138.0,3.0,3014.0,442890.0,5.632707704672396e-06,0.0008059009852565237,-1101.6666666666667,-1678.0,775.7973675874103,1.0,58500,15.749,0
3.0,1.0,2.0,0.0,2.0,2.0,0.0,0.0,218.33333333333334,601.0,75.0,2.0,652.0,72308.0,8.559736352398693e-06,6.684952123105876e-05,-217.33333333333334,-600.0,271.4176773085267,0.6666666666666666,37490,3.446,0
3.0,1.0,3.0,0.3333333333333333,3.0,2.0,0.0,0.0,538.0,1599.0,78.0,3.0,1609.0,335024.0,5.657594979703293e-06,0.00045255268251427,-537.0,-1598.0,750.2412945179703,1.0,51787,10.78,0
3.0,2.0,3.0,0.6666666666666666,2.0,3.0,1.0,0.3333333333333333,14.666666666666666,34.0,18.0,3.0,40.0,1550.0,6.137511605023302e-06,1.1475381995063324e-06,-11.666666666666666,-30.0,12.970050972229146,1.0,48974,1.024,0
3.0,0.0,3.0,0.0,3.0,3.0,1.0,0.3333333333333333,69.33333333333333,166.0,83.0,3.0,198.0,76726.0,5.433597274803268e-06,0.00011073319653636701,-66.33333333333333,-165.0,70.07297783184488,1.0,5854,6.329,0
4.0,0.0,4.0,0.0,4.0,4.0,5.0,0.8333333333333334,506.25,682.0,268.0,4.0,1513.0,631854.0,4.667955515355066e-06,0.001113864219042988,-498.75,-676.0,165.5632432033149,1.0,171,26.807,0
3.0,0.0,3.0,0.0,3.0,2.0,0.0,0.0,187.33333333333334,201.0,191.0,3.0,528.0,193484.0,4.370609311323609e-06,0.0002662638207375202,-186.33333333333334,-200.0,12.918548250050515,1.0,25250,6.609,0
3.0,3.0,0.0,0.0,2.0,2.0,0.0,0.0,80.0,147.0,94.0,2.0,238.0,63986.0,7.133299186413604e-06,6.434402129395967e-05,-79.0,-146.0,60.20520464766037,0.6666666666666666,49145,2.468,0
3.0,1.0,2.0,0.0,3.0,2.0,0.0,0.0,121.66666666666667,220.0,140.0,3.0,349.0,119828.0,4.605999732970004e-06,0.00016660453904657178,-120.66666666666667,-219.0,69.54295235480173,1.0,31829,3.893,0
3.0,3.0,1.0,0.3333333333333333,1.0,2.0,0.0,0.0,30.0,88.0,38.0,1.0,90.0,21446.0,1.216352813382413e-05,1.8429671851639063e-05,-29.0,-87.0,41.012193308819754,0.3333333333333333,47906,1.028,0
3.0,0.0,3.0,0.0,3.0,2.0,0.0,0.0,96.33333333333333,272.0,76.0,3.0,285.0,73996.0,5.396387109628036e-06,9.106664461979973e-05,-95.33333333333333,-271.0,124.2694205703434,1.0,57494,3.673,0
2.0,2.0,1.0,0.5,1.0,2.0,0.0,0.0,1.5,2.0,2.0,1.0,3.0,5.0,1.1535592843727177e-05,1.0789655472166307e-08,0.5,0.0,0.5,0.0,69838,1.017,0
3.0,3.0,1.0,0.3333333333333333,1.0,2.0,0.0,0.0,128.0,382.0,60.0,1.0,384.0,57800.0,1.2571581415530377e-05,7.197744472605426e-05,-127.0,-381.0,179.60512242138307,0.3333333333333333,73134,3.846,0
3.0,2.0,3.0,0.6666666666666666,2.0,3.0,1.0,0.3333333333333333,15.666666666666666,39.0,27.0,2.0,45.0,19828.0,6.725842839846046e-06,1.746646641584588e-05,-12.666666666666666,-38.0,17.987650084309387,0.6666666666666666,57955,1.022,0
2.0,0.0,2.0,0.0,2.0,2.0,0.0,0.0,5.0,8.0,6.0,2.0,10.0,133.0,6.238573710506375e-06,3.016318273308481e-07,-3.0,-6.0,3.0,0.5,66306,1.021,0
3.0,0.0,3.0,0.0,3.0,4.0,3.0,1.0,156.33333333333334,415.0,104.0,3.0,441.0,186916.0,4.598559516194821e-06,0.00023515506593055794,-149.33333333333334,-408.0,183.56167598082365,1.0,5984,12.155,0
3.0,2.0,1.0,0.0,2.0,2.0,0.0,0.0,189.33333333333334,542.0,86.0,2.0,567.0,168144.0,7.345139732571002e-06,0.0002308233136808333,-188.33333333333334,-541.0,249.56540002349863,0.6666666666666666,29867,12.183,0
2.0,2.0,1.0,0.5,2.0,2.0,0.0,0.0,12.0,19.0,11.0,2.0,24.0,1269.0,4.5570839453450715e-06,2.2480709809520946e-06,-10.0,-17.0,7.0,1.0,64182,1.019,0
4.0,1.0,4.0,0.25,4.0,3.0,2.0,0.3333333333333333,162.75,355.0,185.0,4.0,586.0,345069.0,5.302495133168167e-06,0.00040408075441902944,-159.75,-352.0,136.19356629444727,1.0,4873,18.93,0
3.0,3.0,0.0,0.0,2.0,3.0,1.0,0.3333333333333333,4.333333333333333,7.0,8.0,3.0,11.0,2536.0,9.600266582194637e-06,2.8650519757064033e-06,-1.3333333333333333,-6.0,3.2998316455372216,0.3333333333333333,62376,1.028,0
3.0,0.0,3.0,0.0,3.0,3.0,1.0,0.3333333333333333,295.6666666666667,416.0,197.0,3.0,752.0,289346.0,4.1552372391703296e-06,0.0005806730747261259,-292.6666666666667,-412.0,101.0093505022623,1.0,6296,22.951,0
2.0,2.0,0.0,0.0,1.0,2.0,0.0,0.0,3.0,3.0,3.0,2.0,6.0,31.0,1.0198644764445154e-05,4.499258827050848e-08,-1.0,-1.0,0.0,1.0,69649,1.011,0
3.0,2.0,1.0,0.0,2.0,3.0,1.0,0.3333333333333333,706.3333333333334,1682.0,136.0,3.0,2078.0,337984.0,6.269433505291633e-06,0.0004776128885954582,-703.3333333333334,-1678.0,711.6039785036493,0.6666666666666666,24279,14.447,0
4.0,1.0,3.0,0.0,3.0,2.0,0.0,0.0,237.5,786.0,158.0,3.0,915.0,431979.0,7.151067996054855e-06,0.0004478779751530449,-237.5,-786.0,318.5423833652282,1.0,2683,17.356,0
3.0,2.0,3.0,0.6666666666666666,3.0,4.0,3.0,1.0,6.0,11.0,10.0,3.0,11.0,8252.0,8.114441228750709e-06,8.073630158206299e-06,1.0,-4.0,3.559026084010437,0.3333333333333333,51000,2.292,0
3.0,0.0,3.0,0.0,3.0,4.0,3.0,1.0,35.333333333333336,71.0,48.0,3.0,86.0,25578.0,5.48080006556795e-06,2.1975464327626538e-05,-28.333333333333332,-64.0,25.381533094401966,1.0,43577,2.528,0
3.0,3.0,0.0,0.0,1.0,2.0,0.0,0.0,5.333333333333333,14.0,13.0,1.0,16.0,1468.0,1.2660047713136284e-05,1.023732246427606e-06,-4.333333333333333,-13.0,6.128258770283412,0.3333333333333333,57889,1.022,0
3.0,2.0,1.0,0.0,3.0,3.0,1.0,0.3333333333333333,616.0,1682.0,136.0,3.0,1818.0,264378.0,5.129122752493769e-06,0.000398670889053291,-613.0,-1681.0,757.8025248484374,1.0,18670,13.21,0
3.0,2.0,1.0,0.0,2.0,2.0,0.0,0.0,257.0,567.0,99.0,2.0,767.0,196652.0,8.170279402366601e-06,0.00025873284221364276,-256.0,-566.0,234.20219184855353,0.6666666666666666,21777,12.233,0
3.0,3.0,3.0,1.0,3.0,4.0,3.0,1.0,17.666666666666668,42.0,35.0,3.0,44.0,25206.0,5.807407243015667e-06,2.537075771602044e-05,-10.666666666666666,-35.0,17.21110752456745,0.3333333333333333,40598,1.051,0
3.0,3.0,3.0,1.0,3.0,3.0,1.0,0.3333333333333333,496.0,648.0,201.0,3.0,1210.0,393860.0,4.1488970727947276e-06,0.0007787310915326704,-493.0,-644.0,108.94341038661612,1.0,6859,24.162,0
2.0,2.0,0.0,0.0,2.0,3.0,1.0,1.0,17.0,18.0,6.0,2.0,26.0,66.0,8.721715660837148e-06,6.974301639352373e-08,-12.0,-13.0,1.0,1.0,69191,1.02,0
2.0,1.0,2.0,0.5,2.0,2.0,0.0,0.0,411.5,814.0,72.0,2.0,823.0,89374.0,4.353711675159756e-06,0.00022400721812463866,-409.5,-812.0,402.5,1.0,68083,9.382,0
4.0,2.0,3.0,0.25,3.0,2.0,0.0,0.0,103.0,248.0,130.0,3.0,398.0,208161.0,7.412684475528417e-06,0.0001691364293691276,-103.0,-248.0,103.8484472681224,1.0,4266,6.468,0
3.0,1.0,2.0,0.0,3.0,3.0,1.0,0.3333333333333333,223.66666666666666,403.0,169.0,3.0,614.0,222252.0,4.256352866370539e-06,0.0002905806347850939,-220.66666666666666,-402.0,138.77159491609063,1.0,20534,7.553,0
3.0,0.0,3.0,0.0,3.0,4.0,3.0,1.0,239.0,335.0,198.0,3.0,576.0,253760.0,4.013119461278889e-06,0.00048513562546654654,-232.0,-328.0,86.6717947200818,1.0,16508,22.904,0
3.0,0.0,3.0,0.0,1.0,2.0,0.0,0.0,141.33333333333334,422.0,69.0,1.0,424.0,172608.0,1.1594948330843677e-05,0.00025296968910910574,-140.33333333333334,-421.0,198.46130325302434,0.3333333333333333,74764,9.799,0
3.0,1.0,3.0,0.3333333333333333,3.0,4.0,3.0,1.0,270.6666666666667,581.0,154.0,3.0,716.0,155734.0,4.633138530348528e-06,0.0002098465243773107,-263.6666666666667,-574.0,223.1297579635869,1.0,46957,9.339,0
3.0,2.0,1.0,0.0,2.0,2.0,0.0,0.0,359.6666666666667,851.0,124.0,2.0,1061.0,252294.0,7.678158120626686e-06,0.00037008052571974455,-358.6666666666667,-850.0,359.46750741741437,0.6666666666666666,72321,15.519,0
3.0,2.0,3.0,0.6666666666666666,2.0,3.0,1.0,0.3333333333333333,6.333333333333333,15.0,11.0,2.0,17.0,2334.0,9.311301177885263e-06,2.388860913786865e-06,-3.3333333333333335,-11.0,5.557777333511022,0.6666666666666666,59105,1.015,0
3.0,0.0,3.0,0.0,3.0,2.0,0.0,0.0,201.66666666666666,325.0,134.0,3.0,584.0,173708.0,5.200066143803893e-06,0.00021374802066367993,-200.66666666666666,-324.0,141.8387190516829,1.0,26445,15.02,0
3.0,0.0,3.0,0.0,2.0,2.0,0.0,0.0,326.3333333333333,719.0,136.0,3.0,949.0,303974.0,5.954090461398842e-06,0.0004533936781878889,-325.3333333333333,-718.0,296.38863376017343,1.0,19511,11.995,0
2.0,1.0,1.0,0.0,2.0,2.0,0.0,0.0,264.0,521.0,69.0,2.0,528.0,103545.0,5.4874774719942054e-06,0.00027794994548806793,-262.0,-519.0,257.0,1.0,66320,14.388,0
2.0,2.0,0.0,0.0,1.0,2.0,0.0,0.0,1.5,2.0,2.0,1.0,3.0,3.0,1.2279322965962612e-05,9.358535996740498e-10,0.5,0.0,0.5,0.0,70466,1.014,0
3.0,1.0,3.0,0.3333333333333333,3.0,2.0,0.0,0.0,69.33333333333333,136.0,102.0,3.0,207.0,75444.0,4.470869371840481e-06,8.530258024506989e-05,-68.33333333333333,-135.0,50.16195991209099,1.0,36369,3.723,0
3.0,3.0,2.0,0.6666666666666666,2.0,3.0,1.0,0.3333333333333333,2.0,3.0,5.0,2.0,4.0,98.0,1.3637790120926856e-05,1.6642212452239863e-07,1.0,0.0,0.816496580927726,0.0,64289,1.03,0
2.0,0.0,2.0,0.0,2.0,3.0,1.0,1.0,4.0,5.0,4.0,2.0,5.0,65.0,7.456024614538509e-06,1.3026068605395261e-07,1.0,0.0,1.0,0.0,67494,1.013,0
2.0,1.0,1.0,0.0,2.0,2.0,0.0,0.0,3.0,3.0,4.0,2.0,5.0,1659.0,5.948147990449025e-06,1.8369011267559517e-06,-1.0,-1.0,0.0,1.0,69451,1.02,0
3.0,3.0,0.0,0.0,3.0,3.0,1.0,0.3333333333333333,67.0,187.0,76.0,3.0,196.0,96908.0,4.849771151315533e-06,0.00012092501396245044,-64.0,-186.0,86.28248180637055,1.0,27673,5.47,0
3.0,2.0,2.0,0.3333333333333333,2.0,2.0,0.0,0.0,50.0,100.0,66.0,2.0,145.0,32372.0,7.145954091892426e-06,3.401315363784537e-05,-49.0,-99.0,40.422765862815474,0.6666666666666666,38276,6.323,0
3.0,3.0,0.0,0.0,3.0,2.0,0.0,0.0,622.6666666666666,1626.0,128.0,3.0,1840.0,362256.0,5.310992850567989e-06,0.000539485940964765,-621.6666666666666,-1625.0,711.6330202819116,1.0,18405,10.748,0
3.0,2.0,1.0,0.0,3.0,2.0,0.0,0.0,785.0,1682.0,188.0,3.0,2270.0,311656.0,5.1876954670252705e-06,0.00048404532582810967,-784.0,-1681.0,650.2599480207896,1.0,39217,10.336,0
3.0,2.0,1.0,0.0,2.0,2.0,0.0,0.0,13.0,25.0,23.0,2.0,39.0,8274.0,8.219412229988392e-06,7.860816651204664e-06,-12.0,-24.0,9.797958971132712,0.6666666666666666,45636,1.017,0
4.0,1.0,4.0,0.25,4.0,4.0,4.0,0.6666666666666666,82.75,182.0,145.0,4.0,287.0,190857.0,5.384922680015e-06,0.00022109464438433145,-76.75,-179.0,75.76402510426699,0.75,7830,18.825,0
3.0,0.0,3.0,0.0,3.0,2.0,0.0,0.0,67.0,160.0,55.0,3.0,200.0,28656.0,7.013761917297997e-06,2.6467252420209347e-05,-66.0,-159.0,67.12674578735364,1.0,36120,3.592,0
3.0,1.0,3.0,0.3333333333333333,3.0,3.0,1.0,0.3333333333333333,64.66666666666667,159.0,82.0,3.0,190.0,71994.0,4.920725899670657e-06,9.249988427838674e-05,-61.666666666666664,-158.0,68.14853059474007,1.0,28901,2.589,0
3.0,1.0,2.0,0.0,2.0,3.0,1.0,0.3333333333333333,563.6666666666666,1626.0,111.0,2.0,1666.0,357628.0,5.552981588707587e-06,0.0005298373895073248,-560.6666666666666,-1625.0,753.0092223133054,0.6666666666666666,29223,15.885,0
3.0,3.0,0.0,0.0,2.0,2.0,0.0,0.0,51.666666666666664,149.0,60.0,2.0,155.0,53126.0,7.622417720682911e-06,5.788515400599219e-05,-50.666666666666664,-148.0,68.82990306222693,1.0,38480,2.298,0
3.0,0.0,3.0,0.0,3.0,2.0,0.0,0.0,179.66666666666666,525.0,76.0,3.0,539.0,194992.0,5.827247559479247e-06,0.00025289840075111105,-178.66666666666666,-524.0,244.19982709976588,1.0,4131,10.478,0
3.0,3.0,0.0,0.0,3.0,4.0,3.0,1.0,72.33333333333333,117.0,87.0,3.0,148.0,36830.0,4.551748149584112e-06,4.708096941052322e-05,-65.33333333333333,-110.0,33.58901936976165,1.0,46150,3.845,0
3.0,3.0,0.0,0.0,3.0,4.0,3.0,1.0,32.666666666666664,55.0,15.0,3.0,63.0,3508.0,8.459356680819513e-06,3.725000007442653e-06,-25.666666666666668,-48.0,15.839472494022292,1.0,45650,1.027,0
4.0,4.0,2.0,0.5,4.0,4.0,5.0,0.8333333333333334,314.0,1229.0,81.0,4.0,1241.0,565443.0,7.385384362092541e-06,0.0004913701323518414,-306.5,-1223.0,529.1448289457245,0.5,3460,9.487,0
3.0,2.0,1.0,0.0,2.0,3.0,1.0,0.3333333333333333,79.66666666666667,228.0,50.0,2.0,237.0,20852.0,6.320968893302469e-06,2.9117068932937587e-05,-76.66666666666667,-227.0,106.34012517494148,0.6666666666666666,38627,3.643,0
2.0,1.0,1.0,0.0,2.0,2.0,0.0,0.0,1059.0,1141.0,133.0,2.0,1704.0,174830.0,3.6923315534456768e-06,0.0005150724615710869,-1057.0,-1139.0,82.0,1.0,72049,14.613,0
2.0,2.0,0.0,0.0,2.0,3.0,1.0,1.0,16.0,25.0,11.0,2.0,26.0,694.0,6.080973277506563e-06,7.855765628475395e-07,-11.0,-20.0,9.0,1.0,65889,1.016,0
4.0,0.0,4.0,0.0,4.0,3.0,1.0,0.16666666666666666,179.25,316.0,229.0,4.0,618.0,290574.0,4.861763026473412e-06,0.00037050059479046195,-177.75,-316.0,90.6845494006559,1.0,3378,10.606,0
3.0,3.0,1.0,0.3333333333333333,3.0,4.0,3.0,1.0,12.333333333333334,29.0,23.0,3.0,31.0,4982.0,6.380020591134065e-06,4.572520568023856e-06,-5.333333333333333,-22.0,11.813363431112899,0.3333333333333333,44626,1.034,0
2.0,0.0,2.0,0.0,2.0,3.0,1.0,1.0,5.5,6.0,6.0,2.0,7.0,215.0,5.575978887058209e-06,3.7574880577239915e-07,-0.5,-1.0,0.5,0.5,64347,1.014,0
3.0,1.0,3.0,0.3333333333333333,2.0,2.0,0.0,0.0,6.666666666666667,14.0,11.0,2.0,20.0,3936.0,8.595584553780477e-06,4.242333229951177e-06,-5.666666666666667,-13.0,5.436502143433363,0.6666666666666666,53469,1.025,0
3.0,2.0,1.0,0.0,2.0,2.0,0.0,0.0,2.0,3.0,5.0,2.0,6.0,1234.0,1.2014751881291738e-05,2.3181757460162846e-06,-1.0,-2.0,0.816496580927726,0.6666666666666666,32232,2.246,0
4.0,0.0,4.0,0.0,4.0,3.0,1.0,0.16666666666666666,177.0,354.0,141.0,4.0,630.0,230913.0,7.347064612159672e-06,0.00023783299972960327,-175.5,-351.0,164.68986004001582,1.0,6994,4.853,0
3.0,1.0,2.0,0.0,3.0,2.0,0.0,0.0,227.66666666666666,305.0,190.0,3.0,655.0,210854.0,4.444511209681766e-06,0.00028482155933034624,-226.66666666666666,-304.0,58.65909041989051,1.0,12074,14.006,0
2.0,0.0,2.0,0.0,1.0,2.0,0.0,0.0,8.5,16.0,6.0,1.0,17.0,397.0,9.071752233910051e-06,7.287298349239376e-07,-6.5,-14.0,7.5,0.5,66595,1.018,0
3.0,3.0,3.0,1.0,3.0,2.0,0.0,0.0,57.0,112.0,92.0,3.0,169.0,74166.0,4.704362455977365e-06,8.06581248133216e-05,-56.0,-111.0,41.15823125451335,1.0,11334,2.444,0
2.0,2.0,1.0,0.5,1.0,2.0,0.0,0.0,2.5,4.0,4.0,1.0,5.0,267.0,9.16565453164739e-06,2.4427334103663116e-07,-0.5,-2.0,1.5,0.5,67487,1.016,0
3.0,3.0,1.0,0.3333333333333333,2.0,2.0,0.0,0.0,27.0,64.0,53.0,2.0,81.0,39392.0,7.98157024011395e-06,3.9775265958952816e-05,-26.0,-63.0,26.870057685088806,0.6666666666666666,28718,3.789,0
3.0,0.0,3.0,0.0,3.0,4.0,3.0,1.0,19.0,23.0,9.0,3.0,24.0,7068.0,8.06880865430191e-06,6.473981580302367e-06,-12.0,-16.0,2.9439202887759475,1.0,50626,2.454,0
3.0,1.0,2.0,0.0,2.0,2.0,0.0,0.0,67.33333333333333,141.0,89.0,2.0,200.0,53110.0,7.085418993871366e-06,6.819859335640405e-05,-66.33333333333333,-140.0,57.389507364635534,0.6666666666666666,14637,3.893,0
3.0,2.0,3.0,0.6666666666666666,3.0,3.0,1.0,0.3333333333333333,171.0,390.0,136.0,3.0,486.0,149514.0,4.742433196258784e-06,0.00016232399335175407,-168.0,-386.0,154.57252882277194,1.0,43518,6.271,0
3.0,1.0,3.0,0.3333333333333333,2.0,2.0,0.0,0.0,29.0,83.0,45.0,2.0,87.0,35872.0,8.828745717463495e-06,3.751892584338985e-05,-28.0,-82.0,38.192494899740005,0.6666666666666666,31137,3.897,0
3.0,3.0,0.0,0.0,2.0,2.0,0.0,0.0,26.333333333333332,63.0,42.0,3.0,78.0,26824.0,7.112670191861892e-06,2.908130085150657e-05,-25.333333333333332,-62.0,26.246692913372705,1.0,44807,1.03,0
2.0,0.0,2.0,0.0,2.0,3.0,1.0,1.0,4.0,6.0,6.0,2.0,6.0,336.0,6.174064421408667e-06,7.076245651906382e-07,1.0,-1.0,2.0,0.5,65729,1.022,0
3.0,3.0,0.0,0.0,3.0,2.0,0.0,0.0,134.66666666666666,369.0,67.0,3.0,403.0,47974.0,6.311205888918183e-06,4.4440992799713264e-05,-133.66666666666666,-368.0,165.92032893999325,1.0,42789,1.053,0
3.0,3.0,1.0,0.3333333333333333,2.0,3.0,1.0,0.3333333333333333,58.0,170.0,67.0,2.0,172.0,86892.0,8.38276588712887e-06,8.573994690092947e-05,-55.0,-166.0,78.48991442641956,0.3333333333333333,24338,9.846,0
3.0,3.0,0.0,0.0,3.0,4.0,3.0,1.0,20.666666666666668,39.0,40.0,3.0,53.0,16122.0,4.872155569272007e-06,1.755141873141922e-05,-13.666666666666666,-32.0,14.007934259633796,0.6666666666666666,51492,3.525,0
3.0,0.0,3.0,0.0,3.0,2.0,0.0,0.0,82.66666666666667,222.0,68.0,3.0,247.0,52126.0,5.5892154007223e-06,4.7629792285637806e-05,-81.66666666666667,-221.0,98.5370770601379,1.0,23744,7.48,0
3.0,2.0,1.0,0.0,2.0,2.0,0.0,0.0,13.333333333333334,37.0,21.0,2.0,40.0,8178.0,9.283997711697538e-06,4.347542541783198e-06,-12.333333333333334,-36.0,16.73983937265296,0.6666666666666666,59302,1.03,0
3.0,2.0,1.0,0.0,3.0,2.0,0.0,0.0,373.0,851.0,93.0,3.0,1115.0,231734.0,6.978519557869084e-06,0.000324282439535093,-372.0,-850.0,353.78618778390245,1.0,36742,3.666,0
6.0,1.0,6.0,0.16666666666666666,5.0,3.0,1.0,0.06666666666666667,506.6666666666667,1599.0,235.0,5.0,2588.0,1400020.0,8.247009692294155e-06,0.0011175705023205148,-507.6666666666667,-1598.0,573.3406976271225,1.0,19656,31.533,0
4.0,1.0,3.0,0.0,2.0,3.0,1.0,0.16666666666666666,50.5,185.0,78.0,3.0,196.0,133434.0,9.543044145315924e-06,0.00010172715812665246,-49.0,-182.0,76.86026281505939,1.0,21266,6.757,0
6.0,4.0,2.0,0.0,2.0,2.0,0.0,0.0,122.16666666666667,723.0,75.0,2.0,733.0,515940.0,1.8767894496155702e-05,0.000255868431067125,-124.16666666666667,-725.0,268.7045568815105,1.0,49002,4.919,0
4.0,2.0,4.0,0.5,3.0,3.0,1.0,0.16666666666666666,90.0,150.0,151.0,3.0,321.0,142944.0,5.60964584261971e-06,0.00011614612479071849,-88.5,-147.0,53.76104537674095,1.0,21147,13.777,0
5.0,4.0,2.0,0.2,3.0,3.0,3.0,0.3,48.8,216.0,67.0,3.0,236.0,90120.0,1.1629582702468476e-05,4.247552012053487e-05,-46.2,-211.0,82.77294243893954,0.6,43255,2.405,0
4.0,4.0,4.0,1.0,4.0,5.0,6.0,1.0,5.25,7.0,16.0,4.0,9.0,2391.0,9.674293404414721e-06,1.6391858732034525e-06,3.75,2.0,1.0897247358851685,0.0,68649,1.03,0
4.0,2.0,2.0,0.0,4.0,2.0,0.0,0.0,507.0,1682.0,144.0,4.0,1958.0,447366.0,7.078119777836035e-06,0.0004824708232780803,-507.0,-1682.0,691.3577221670414,1.0,14319,15.706,0
6.0,3.0,5.0,0.3333333333333333,6.0,3.0,2.0,0.13333333333333333,189.5,415.0,315.0,6.0,985.0,830465.0,6.481571747022745e-06,0.0005848011434276231,-189.5,-414.0,150.50442961366065,1.0,24692,21.769,0
4.0,3.0,1.0,0.0,4.0,2.0,0.0,0.0,345.0,719.0,200.0,4.0,1293.0,439338.0,5.830099984274915e-06,0.0004883051617725068,-345.0,-719.0,282.1480108028409,1.0,13866,20.186,0
4.0,3.0,3.0,0.5,3.0,3.0,3.0,0.5,604.25,1626.0,203.0,3.0,2153.0,681534.0,6.0962367294204315e-06,0.0008727388100086532,-599.75,-1620.0,610.3918311216165,0.75,71996,34.135,0
6.0,6.0,1.0,0.16666666666666666,5.0,3.0,3.0,0.2,88.33333333333333,222.0,176.0,5.0,458.0,299095.0,9.10707270795996e-06,0.00014015045594898974,-87.33333333333333,-215.0,78.21480394116932,1.0,35087,12.068,0
6.0,6.0,6.0,1.0,4.0,3.0,1.0,0.06666666666666667,154.33333333333334,550.0,175.0,4.0,881.0,520175.0,1.1773639366259102e-05,0.0002700719323921995,-155.33333333333334,-552.0,207.37459396517747,1.0,40388,17.313,0
6.0,1.0,6.0,0.16666666666666666,6.0,4.0,7.0,0.4666666666666667,288.3333333333333,532.0,376.0,6.0,1232.0,967595.0,6.072610901534094e-06,0.000999597763291517,-283.3333333333333,-525.0,151.6648351537766,1.0,6098,35.844,0
4.0,4.0,2.0,0.5,3.0,4.0,4.0,0.6666666666666666,21.0,39.0,55.0,3.0,71.0,36783.0,7.904468905807028e-06,1.9509870098431228e-05,-15.0,-36.0,16.446884203398525,0.75,35339,2.496,0
4.0,1.0,4.0,0.25,3.0,3.0,1.0,0.16666666666666666,135.75,411.0,151.0,3.0,521.0,220173.0,6.350773202215585e-06,0.00017467396813592475,-134.25,-408.0,160.3158990867718,1.0,43781,7.587,0
6.0,5.0,5.0,0.6666666666666666,5.0,4.0,8.0,0.5333333333333333,60.833333333333336,148.0,192.0,5.0,327.0,324000.0,7.022915133384768e-06,0.00019488323515123995,-54.833333333333336,-144.0,56.87242057642898,1.0,4765,5.51,0
6.0,0.0,6.0,0.0,5.0,2.0,0.0,0.0,122.16666666666667,475.0,209.0,6.0,683.0,580915.0,8.311911366350321e-06,0.00034213585929676225,-124.16666666666667,-477.0,162.9758843782996,1.0,34159,7.779,0
4.0,4.0,4.0,1.0,3.0,2.0,0.0,0.0,67.5,194.0,107.0,3.0,266.0,164967.0,8.180473891349723e-06,0.0001528510760873209,-67.5,-194.0,74.54025757937787,1.0,15910,4.063,0
5.0,3.0,3.0,0.2,3.0,3.0,2.0,0.2,56.0,261.0,79.0,3.0,272.0,169868.0,1.0606694400596448e-05,0.00010384898731926917,-54.6,-259.0,102.22054587997464,1.0,25058,9.634,0
6.0,3.0,5.0,0.3333333333333333,5.0,3.0,3.0,0.2,270.1666666666667,828.0,318.0,5.0,1393.0,1063495.0,7.273634931441765e-06,0.0007445460150708221,-269.1666666666667,-827.0,267.4287547906711,1.0,3296,24.593,0
4.0,4.0,0.0,0.0,4.0,3.0,2.0,0.3333333333333333,743.5,1842.0,222.0,4.0,2536.0,797547.0,5.813795976058484e-06,0.0010719678851602704,-740.5,-1836.0,695.6527510187824,1.0,12489,22.901,0
5.0,1.0,4.0,0.0,4.0,3.0,2.0,0.2,164.2,456.0,174.0,4.0,775.0,252944.0,9.445797212079356e-06,0.0001440424528708793,-162.8,-454.0,158.51738075050318,1.0,37735,9.682,0
5.0,0.0,5.0,0.0,5.0,4.0,4.0,0.4,255.0,448.0,319.0,5.0,973.0,632352.0,5.594268506391153e-06,0.0006873855488477316,-251.2,-440.0,103.21899050077951,1.0,11716,21.686,0
4.0,3.0,2.0,0.25,2.0,2.0,0.0,0.0,1.5,2.0,6.0,2.0,6.0,198.0,1.8592456498303572e-05,5.696397765792485e-08,-1.5,-2.0,0.5,1.0,64818,1.031,0
4.0,0.0,4.0,0.0,3.0,4.0,3.0,0.5,161.75,461.0,163.0,3.0,624.0,262842.0,5.93510925802979e-06,0.00021519826540035235,-157.25,-461.0,181.55766990132915,0.75,8208,9.239,0
4.0,3.0,2.0,0.25,3.0,3.0,2.0,0.3333333333333333,11.25,17.0,22.0,4.0,40.0,12591.0,8.217965529170452e-06,9.7651801899544e-06,-8.25,-17.0,6.139014578904337,1.0,8223,2.431,0
4.0,3.0,2.0,0.25,2.0,3.0,1.0,0.16666666666666666,2.5,3.0,7.0,3.0,7.0,357.0,1.590944431474433e-05,3.534164657177253e-07,-1.0,-3.0,1.224744871391589,0.5,65503,1.04,0
4.0,2.0,3.0,0.25,3.0,4.0,5.0,0.8333333333333334,439.5,977.0,193.0,3.0,1580.0,564174.0,5.6792497142251535e-06,0.0005615853220992894,-432.0,-968.0,396.56210106362914,0.75,38227,22.487,0
4.0,2.0,3.0,0.25,3.0,2.0,0.0,0.0,773.75,3044.0,106.0,3.0,3080.0,780093.0,8.156561521383756e-06,0.0007604446649096044,-773.75,-3044.0,1310.7628265632193,1.0,38884,3.658,0
4.0,4.0,0.0,0.0,4.0,5.0,6.0,1.0,19.0,38.0,49.0,4.0,54.0,21351.0,5.8958726679048444e-06,1.7077679846701212e-05,-10.0,-29.0,11.022703842524301,1.0,43110,2.43,0
6.0,5.0,1.0,0.0,6.0,3.0,2.0,0.13333333333333333,524.0,1682.0,241.0,6.0,2909.0,1317600.0,8.233684522174101e-06,0.0008966596952188873,-524.0,-1681.0,672.2539202811192,1.0,16018,24.306,0
4.0,4.0,0.0,0.0,4.0,4.0,4.0,0.6666666666666666,69.0,217.0,99.0,4.0,247.0,123909.0,6.1000880361063954e-06,9.018572431162959e-05,-63.0,-214.0,88.89038193190532,0.5,30548,2.555,0
4.0,3.0,2.0,0.25,4.0,4.0,3.0,0.5,94.25,174.0,151.0,4.0,344.0,191763.0,5.633855167829747e-06,0.00016397458590830364,-89.75,-174.0,67.98667148787327,1.0,36586,3.874,0
4.0,4.0,2.0,0.5,2.0,2.0,0.0,0.0,90.0,303.0,78.0,2.0,360.0,90273.0,9.744520805398028e-06,6.447633681567097e-05,-90.0,-303.0,124.82988424251623,1.0,40248,3.595,0
4.0,3.0,3.0,0.5,2.0,3.0,2.0,0.3333333333333333,9.0,29.0,19.0,2.0,32.0,12888.0,1.0764607253098857e-05,7.172284460653864e-06,-6.0,-26.0,11.683321445547923,0.5,57996,2.468,0
4.0,4.0,1.0,0.25,3.0,2.0,0.0,0.0,56.25,204.0,56.0,3.0,224.0,59577.0,9.355254302539363e-06,3.836296700639172e-05,-56.25,-204.0,85.42942994074114,1.0,41796,9.503,0
4.0,1.0,3.0,0.0,4.0,4.0,4.0,0.6666666666666666,70.75,146.0,151.0,4.0,264.0,153858.0,5.111820654142121e-06,0.00015946151356850094,-64.75,-143.0,52.399308201540215,0.75,8225,15.272,0
5.0,5.0,0.0,0.0,2.0,3.0,1.0,0.1,10.2,34.0,23.0,3.0,49.0,15924.0,1.5483185737250488e-05,7.255953675823997e-06,-10.0,-35.0,12.759310326189265,0.8,53800,1.043,0
4.0,3.0,3.0,0.5,3.0,2.0,0.0,0.0,106.25,225.0,159.0,3.0,416.0,183525.0,7.5506009293787055e-06,0.00016602947583472028,-106.25,-225.0,83.35278939543655,1.0,15259,12.034,0
4.0,4.0,0.0,0.0,3.0,3.0,3.0,0.5,7.5,12.0,12.0,3.0,21.0,174.0,1.122238113478147e-05,3.354225112858299e-10,-3.0,-9.0,3.5355339059327378,0.75,75804,1.036,0
5.0,3.0,2.0,0.0,2.0,2.0,0.0,0.0,114.0,405.0,137.0,2.0,557.0,328604.0,1.2600851368383524e-05,0.0002506231701727571,-115.0,-406.0,158.09617326172068,1.0,15560,9.283,0
4.0,1.0,3.0,0.0,4.0,3.0,1.0,0.16666666666666666,151.25,456.0,118.0,4.0,583.0,119034.0,6.546971684574795e-06,7.300344055142502e-05,-149.75,-453.0,175.18472393448008,1.0,36992,6.339,0
6.0,3.0,5.0,0.3333333333333333,4.0,3.0,1.0,0.06666666666666667,84.83333333333333,422.0,121.0,4.0,492.0,468025.0,8.894881108291023e-06,0.00029025095874022727,-85.83333333333333,-424.0,152.63400305596682,1.0,16785,17.459,0
5.0,2.0,5.0,0.4,5.0,2.0,0.0,0.0,275.2,693.0,200.0,5.0,1270.0,532912.0,6.898852543964862e-06,0.0003654835967344355,-276.2,-694.0,281.78104975317274,1.0,23183,14.525,0
6.0,0.0,6.0,0.0,6.0,3.0,2.0,0.13333333333333333,140.5,321.0,297.0,6.0,730.0,629750.0,6.651005206831568e-06,0.00047048407921448677,-140.5,-320.0,105.55054081655227,1.0,3567,15.072,0
4.0,3.0,2.0,0.25,4.0,4.0,5.0,0.8333333333333334,56.5,95.0,124.0,4.0,193.0,94440.0,4.919492892367445e-06,8.213923381228036e-05,-49.0,-89.0,33.60803475361212,1.0,27108,9.469,0
6.0,2.0,6.0,0.3333333333333333,5.0,4.0,5.0,0.3333333333333333,546.8333333333334,1626.0,301.0,5.0,2978.0,1415940.0,9.565839600860183e-06,0.0010102446711439325,-543.8333333333334,-1619.0,612.26231215786,1.0,10040,34.005,0
6.0,4.0,4.0,0.3333333333333333,5.0,3.0,3.0,0.2,188.83333333333334,439.0,204.0,5.0,1008.0,639740.0,9.37275924883228e-06,0.00037372107945308813,-187.83333333333334,-438.0,176.91185815415415,1.0,19194,14.658,0
4.0,2.0,4.0,0.5,3.0,3.0,1.0,0.16666666666666666,570.0,1682.0,180.0,3.0,2169.0,499767.0,7.918732431677155e-06,0.0005514544967266629,-568.5,-1679.0,671.8908021397525,1.0,14323,15.676,0
6.0,5.0,1.0,0.0,5.0,5.0,9.0,0.6,84.66666666666667,278.0,132.0,5.0,436.0,274580.0,9.506725854213301e-06,0.00011542391146348071,-77.66666666666667,-274.0,110.15998466876354,0.6666666666666666,43591,8.157,0
5.0,5.0,0.0,0.0,2.0,2.0,0.0,0.0,50.0,240.0,72.0,2.0,250.0,201328.0,1.73791374678358e-05,0.00011655856980369464,-51.0,-241.0,95.02841680255437,1.0,33992,2.577,0
4.0,4.0,3.0,0.75,4.0,5.0,6.0,1.0,82.5,152.0,133.0,4.0,248.0,101064.0,5.029910544652629e-06,9.176979369922293e-05,-73.5,-143.0,48.36579369761237,1.0,25646,5.145,0
6.0,2.0,5.0,0.16666666666666666,5.0,6.0,12.0,0.8,29.833333333333332,70.0,74.0,6.0,113.0,75730.0,1.1211325448221622e-05,5.505162981127876e-05,-19.833333333333332,-57.0,19.00365461928018,0.8333333333333334,17367,8.649,0
4.0,0.0,4.0,0.0,4.0,2.0,0.0,0.0,313.0,541.0,233.0,4.0,1164.0,477240.0,5.247851620944736e-06,0.0004990232133951806,-313.0,-541.0,191.53981309377954,1.0,11864,14.481,0
4.0,2.0,3.0,0.25,3.0,2.0,0.0,0.0,163.75,325.0,145.0,3.0,625.0,298596.0,8.02876418717225e-06,0.00025217697372580464,-163.75,-325.0,153.03165522204876,1.0,28384,6.687,0
4.0,2.0,3.0,0.25,3.0,3.0,1.0,0.16666666666666666,227.75,627.0,142.0,3.0,873.0,396954.0,6.255591025540981e-06,0.0003913526232571682,-226.25,-627.0,254.82089298171766,1.0,41140,13.045,0
4.0,4.0,1.0,0.25,3.0,2.0,0.0,0.0,13.75,37.0,32.0,4.0,53.0,20139.0,7.955206339645227e-06,1.3235829138522634e-05,-13.75,-37.0,13.442005058770064,1.0,33842,1.045,0
5.0,1.0,4.0,0.0,5.0,4.0,5.0,0.5,343.8,765.0,306.0,5.0,1477.0,878924.0,5.7807727532696635e-06,0.000858236304093659,-338.8,-757.0,226.76101957788072,1.0,6117,29.503,0
5.0,0.0,5.0,0.0,5.0,5.0,7.0,0.7,380.0,1172.0,302.0,5.0,1627.0,838740.0,5.975976368952289e-06,0.0008399420806214226,-372.6,-1164.0,404.26555628695354,1.0,14984,23.578,0
4.0,2.0,2.0,0.0,4.0,3.0,3.0,0.5,1676.25,3044.0,265.0,4.0,5574.0,1164942.0,5.640635080914506e-06,0.001805901344169165,-1671.75,-3038.0,1031.7878597366805,1.0,27651,41.591,0
4.0,0.0,4.0,0.0,4.0,2.0,0.0,0.0,132.25,180.0,203.0,4.0,486.0,234171.0,5.627375871892273e-06,0.0002154257159641446,-132.25,-180.0,46.24053957297644,1.0,20103,16.487,0
5.0,5.0,0.0,0.0,5.0,5.0,8.0,0.8,60.4,229.0,100.0,5.0,276.0,149244.0,7.94840944949652e-06,7.612723809746827e-05,-51.8,-224.0,86.73269279804472,0.8,52763,6.505,0
4.0,2.0,4.0,0.5,2.0,2.0,0.0,0.0,38.25,112.0,77.0,3.0,151.0,103305.0,1.0018069139599019e-05,8.000199262331806e-05,-38.25,-112.0,44.91867651656714,1.0,11344,4.692,0
4.0,0.0,4.0,0.0,3.0,3.0,1.0,0.16666666666666666,74.5,174.0,134.0,3.0,283.0,179337.0,7.27905451916523e-06,0.00015427292223560405,-73.0,-171.0,70.52659073002182,1.0,13231,6.682,0
4.0,3.0,3.0,0.5,4.0,3.0,1.0,0.16666666666666666,353.75,719.0,202.0,4.0,1323.0,461172.0,5.6855679150087355e-06,0.0005089462210920456,-352.25,-716.0,277.70161594776505,1.0,31189,15.812,0
4.0,4.0,4.0,1.0,4.0,4.0,5.0,0.8333333333333334,61.75,117.0,121.0,4.0,191.0,59580.0,4.796049086522984e-06,5.258825459567199e-05,-54.25,-108.0,35.499119707395565,1.0,41180,5.291,0
4.0,0.0,4.0,0.0,3.0,4.0,3.0,0.5,241.5,683.0,189.0,3.0,888.0,384471.0,6.504845375337996e-06,0.00040862717894200537,-237.0,-677.0,260.87257425800817,1.0,25433,14.678,0
6.0,3.0,4.0,0.16666666666666666,4.0,3.0,1.0,0.06666666666666667,48.0,107.0,152.0,4.0,280.0,255530.0,1.1963995971226552e-05,0.00012333771300006467,-49.0,-109.0,40.09571880720767,1.0,3357,10.184,0
4.0,4.0,4.0,1.0,4.0,3.0,1.0,0.16666666666666666,107.0,197.0,163.0,4.0,405.0,166845.0,5.3830142099811345e-06,0.00012033963397389926,-105.5,-197.0,60.33448433524563,1.0,32979,3.629,0
4.0,2.0,4.0,0.5,4.0,2.0,0.0,0.0,220.25,308.0,221.0,4.0,817.0,361074.0,5.565589083050171e-06,0.00036789232392252854,-220.25,-308.0,107.13630337098625,1.0,44277,12.868,0
4.0,3.0,4.0,0.75,3.0,4.0,4.0,0.6666666666666666,22.5,62.0,52.0,3.0,78.0,37185.0,7.326547736396911e-06,2.7492653806403155e-05,-16.5,-53.0,21.742814905158898,0.75,48029,3.811,0
4.0,4.0,1.0,0.25,2.0,3.0,2.0,0.3333333333333333,18.5,65.0,47.0,2.0,70.0,51615.0,1.1661568522834974e-05,3.27931889405174e-05,-15.5,-65.0,28.578838324886476,0.25,24237,3.754,0
6.0,2.0,4.0,0.0,4.0,5.0,9.0,0.6,85.33333333333333,255.0,143.0,5.0,462.0,228450.0,9.57920177083461e-06,9.12519872677487e-05,-78.33333333333333,-257.0,95.58010020687128,0.5,41643,2.452,0
6.0,2.0,4.0,0.0,5.0,3.0,2.0,0.13333333333333333,278.0,1172.0,268.0,5.0,1495.0,886755.0,9.687338552556097e-06,0.0006233877686682717,-278.0,-1171.0,404.1686941529902,1.0,24653,27.448,0
4.0,1.0,4.0,0.25,3.0,2.0,0.0,0.0,91.25,225.0,119.0,3.0,362.0,150669.0,7.298391980936379e-06,0.00012599797584757048,-91.25,-225.0,92.9041845128625,1.0,15277,6.116,0
5.0,0.0,5.0,0.0,2.0,2.0,0.0,0.0,34.2,149.0,77.0,3.0,171.0,124432.0,1.5888978012006468e-05,7.813458927267937e-05,-35.2,-150.0,57.57568931415411,1.0,28776,5.248,0
5.0,4.0,4.0,0.6,4.0,3.0,3.0,0.3,158.4,541.0,153.0,4.0,732.0,486696.0,7.578554472447178e-06,0.00039424972164573443,-155.8,-539.0,208.28864587394102,0.8,8354,20.092,0
4.0,4.0,1.0,0.25,3.0,2.0,0.0,0.0,179.75,550.0,128.0,3.0,714.0,248781.0,8.023123331911748e-06,0.00020156361694518573,-179.75,-550.0,221.86411945152375,1.0,21161,17.84,0
4.0,1.0,3.0,0.0,3.0,3.0,1.0,0.16666666666666666,164.75,461.0,150.0,3.0,619.0,221982.0,8.069868201246732e-06,0.0001563744404854035,-163.25,-458.0,174.63443961601618,1.0,34658,6.77,0
5.0,2.0,4.0,0.2,4.0,3.0,1.0,0.1,92.4,211.0,196.0,4.0,429.0,317064.0,7.053474618359883e-06,0.00023358347653143973,-92.2,-209.0,71.24717538260727,1.0,9250,3.546,0
4.0,0.0,4.0,0.0,4.0,3.0,2.0,0.3333333333333333,313.0,567.0,229.0,4.0,1061.0,493836.0,4.989803106117717e-06,0.0005967973657848224,-310.0,-564.0,205.37770083434083,1.0,34298,27.064,0
5.0,4.0,2.0,0.2,4.0,2.0,0.0,0.0,169.4,541.0,169.0,4.0,824.0,308560.0,8.957741530155365e-06,0.00023079354261402576,-170.4,-542.0,201.70334652652642,1.0,21518,6.642,0
6.0,2.0,6.0,0.3333333333333333,6.0,2.0,0.0,0.0,50.333333333333336,123.0,151.0,6.0,287.0,185020.0,6.957247080836044e-06,8.243516253904453e-05,-52.333333333333336,-125.0,39.613409626314954,1.0,32802,6.844,0
4.0,2.0,2.0,0.0,4.0,2.0,0.0,0.0,123.0,357.0,127.0,4.0,482.0,274683.0,6.106894241536648e-06,0.00022977885501117382,-123.0,-357.0,138.13218307114386,1.0,40521,16.768,0
5.0,3.0,2.0,0.0,5.0,4.0,6.0,0.6,83.8,179.0,175.0,5.0,355.0,279840.0,6.5741116129482674e-06,0.00017599963426213785,-77.6,-174.0,73.2491638177529,1.0,32393,14.511,0
4.0,4.0,0.0,0.0,4.0,2.0,0.0,0.0,37.5,78.0,77.0,4.0,141.0,44433.0,6.801486263872855e-06,2.892912905276241e-05,-37.5,-78.0,23.79600806858159,1.0,43815,6.333,0
4.0,3.0,3.0,0.5,4.0,3.0,3.0,0.5,445.25,962.0,201.0,4.0,1628.0,450084.0,6.659012171450734e-06,0.0004476398344822435,-440.75,-956.0,343.54139124711014,1.0,26375,27.057,0
5.0,0.0,5.0,0.0,3.0,3.0,1.0,0.1,24.0,66.0,61.0,3.0,116.0,70260.0,1.255185487239466e-05,4.369394304202149e-05,-23.8,-64.0,27.117522010685267,1.0,24451,3.547,0
5.0,3.0,5.0,0.6,3.0,2.0,0.0,0.0,124.8,416.0,164.0,3.0,604.0,400136.0,1.0803715655223868e-05,0.00026924973593730914,-125.8,-417.0,157.4870153377732,1.0,14785,6.375,0
5.0,5.0,1.0,0.2,3.0,4.0,6.0,0.6,7.4,21.0,26.0,3.0,22.0,31920.0,9.248664007969777e-06,1.3510073566282121e-05,-1.2,-10.0,4.48998886412873,0.2,25087,2.152,0
6.0,4.0,5.0,0.5,5.0,3.0,3.0,0.2,391.3333333333333,1626.0,235.0,5.0,2067.0,1103190.0,8.391004556560819e-06,0.0009012023575853808,-390.3333333333333,-1619.0,575.6531556028817,1.0,5402,22.553,0
5.0,5.0,2.0,0.4,4.0,3.0,1.0,0.1,329.4,962.0,203.0,4.0,1562.0,610400.0,8.429496752983818e-06,0.0004329525184978601,-329.2,-960.0,351.93260718495526,1.0,31650,18.465,0
6.0,1.0,6.0,0.16666666666666666,6.0,4.0,4.0,0.26666666666666666,256.0,593.0,335.0,6.0,1290.0,855765.0,6.798591935863205e-06,0.0007013543941465265,-254.0,-592.0,175.31305332651837,1.0,30630,20.427,0
5.0,2.0,4.0,0.2,5.0,4.0,7.0,0.7,75.2,233.0,142.0,5.0,320.0,227792.0,6.791799075583749e-06,0.00020243934924371482,-67.8,-228.0,83.93902548874392,1.0,4901,14.401,0
5.0,4.0,3.0,0.4,4.0,3.0,2.0,0.2,16.6,39.0,50.0,5.0,74.0,33864.0,9.118286497074602e-06,1.880226870535236e-05,-15.2,-40.0,13.136209498938422,1.0,34420,1.055,0
4.0,3.0,4.0,0.75,3.0,4.0,4.0,0.6666666666666666,5.25,12.0,13.0,3.0,13.0,2790.0,1.2200672119190709e-05,1.5591257700844516e-06,0.75,-6.0,4.14578098794425,0.25,55588,1.043,0
6.0,4.0,2.0,0.0,6.0,2.0,0.0,0.0,137.33333333333334,622.0,162.0,6.0,800.0,384380.0,9.179515371711624e-06,0.00018334744006836854,-139.33333333333334,-624.0,220.91225005015502,1.0,31487,8.077,0
4.0,2.0,4.0,0.5,3.0,4.0,3.0,0.5,73.25,222.0,117.0,3.0,278.0,198198.0,6.3127117050432064e-06,0.0001865357966693529,-68.75,-216.0,86.9752119859446,0.75,19976,9.293,0
5.0,4.0,3.0,0.4,5.0,5.0,8.0,0.8,284.0,1132.0,178.0,5.0,1319.0,595404.0,8.233620001807402e-06,0.00042100944648833103,-275.4,-1124.0,426.9396210238633,0.8,21900,16.119,0
5.0,5.0,5.0,1.0,5.0,6.0,10.0,1.0,21.6,42.0,70.0,5.0,83.0,71496.0,7.4633038646268686e-06,4.747709020262312e-05,-10.6,-31.0,15.869467539901898,0.4,37390,2.295,0
7.0,1.0,7.0,0.14285714285714285,5.0,3.0,1.0,0.047619047619047616,175.71428571428572,471.0,279.0,6.0,1084.0,1093554.0,1.189560409571383e-05,0.0005910339439970227,-177.85714285714286,-474.0,169.32085229057927,1.0,9514,18.058,0
8.0,3.0,6.0,0.125,7.0,3.0,2.0,0.07142857142857142,525.375,3044.0,354.0,7.0,3762.0,2281615.0,1.0171205675941898e-05,0.0012128244635495635,-527.875,-3042.0,962.6060250045186,1.0,18127,21.684,0
9.0,2.0,9.0,0.2222222222222222,5.0,4.0,7.0,0.19444444444444445,126.66666666666667,312.0,273.0,5.0,1048.0,913992.0,1.6467555509500196e-05,0.00027478266092034016,-127.0,-308.0,117.68507882385845,1.0,23313,17.193,0
13.0,9.0,5.0,0.07692307692307693,10.0,3.0,4.0,0.05128205128205128,230.0,1365.0,444.0,10.0,2655.0,2966040.0,2.0969226969150606e-05,0.0008556654649378829,-237.15384615384616,-1368.0,367.93495373165456,1.0,18344,22.587,0
12.0,9.0,9.0,0.5,6.0,5.0,16.0,0.24242424242424243,26.5,107.0,171.0,6.0,264.0,547437.0,1.7187621795146723e-05,0.000110039826199833,-26.5,-97.0,31.40727092038827,0.9166666666666666,36631,9.414,0
15.0,11.0,14.0,0.6666666666666666,11.0,9.0,41.0,0.3904761904761905,146.06666666666666,977.0,398.0,13.0,1895.0,3059028.0,1.575709038852265e-05,0.0006887248113409597,-140.66666666666666,-976.0,293.7898719984896,1.0,20235,22.036,0
11.0,3.0,10.0,0.18181818181818182,10.0,4.0,9.0,0.16363636363636364,104.54545454545455,245.0,496.0,10.0,941.0,1497040.0,1.09095317415911e-05,0.0005202806457350653,-106.63636363636364,-250.0,80.07300388029178,1.0,17277,35.336,0
10.0,1.0,9.0,0.0,9.0,4.0,10.0,0.2222222222222222,620.3,3044.0,504.0,10.0,4686.0,3420459.0,1.0877473000812252e-05,0.0019856282605819585,-620.3,-3035.0,905.5783842384932,1.0,13811,44.819,1
9.0,2.0,9.0,0.2222222222222222,8.0,3.0,1.0,0.027777777777777776,81.11111111111111,181.0,342.0,8.0,672.0,843088.0,1.0160105691479348e-05,0.00030339688049764,-85.44444444444444,-186.0,63.627581564935106,1.0,19496,10.701,0
13.0,8.0,8.0,0.23076923076923078,7.0,5.0,21.0,0.2692307692307692,67.38461538461539,411.0,174.0,8.0,754.0,790200.0,2.2609965095288804e-05,0.0001569274934598272,-66.6923076923077,-402.0,135.5435692742287,0.9230769230769231,42899,9.673,0
7.0,7.0,0.0,0.0,7.0,4.0,8.0,0.38095238095238093,245.85714285714286,1132.0,313.0,7.0,1496.0,1013094.0,7.731701341859103e-06,0.0005045052560249842,-242.0,-1129.0,364.4659498107177,1.0,33275,13.671,0
6.0,6.0,6.0,1.0,5.0,5.0,8.0,0.5333333333333333,32.333333333333336,95.0,104.0,6.0,138.0,70030.0,8.058885563275842e-06,3.720412283312359e-05,-26.333333333333332,-91.0,34.52374384230205,0.5,51219,5.425,0
8.0,6.0,5.0,0.375,5.0,3.0,3.0,0.10714285714285714,281.875,1365.0,290.0,6.0,2022.0,1701742.0,1.1803332240130226e-05,0.0008541399105058461,-283.625,-1366.0,441.76377666689694,1.0,24627,22.966,0
13.0,13.0,13.0,1.0,10.0,3.0,1.0,0.01282051282051282,95.84615384615384,316.0,469.0,11.0,1087.0,1929060.0,1.4410527583020263e-05,0.0006067960317285914,-104.38461538461539,-325.0,97.47310355764694,1.0,14005,26.748,0
17.0,10.0,14.0,0.4117647058823529,12.0,6.0,25.0,0.18382352941176472,61.1764705882353,171.0,437.0,13.0,772.0,1431760.0,1.6866013747970526e-05,0.00023256919514369834,-65.3529411764706,-169.0,53.02933835758841,1.0,18506,6.436,0
8.0,5.0,4.0,0.125,5.0,4.0,7.0,0.25,53.125,132.0,155.0,5.0,377.0,326200.0,1.2415003731417485e-05,0.00010875831654657867,-51.875,-124.0,52.83568278162023,1.0,43152,6.304,0
12.0,12.0,12.0,1.0,9.0,4.0,12.0,0.18181818181818182,78.0,325.0,370.0,10.0,762.0,1298803.0,1.621981919627664e-05,0.00036994286705210996,-80.0,-327.0,89.84523730652987,1.0,13217,13.953,0
7.0,7.0,0.0,0.0,2.0,2.0,0.0,0.0,284.2857142857143,1842.0,117.0,2.0,1945.0,1428612.0,2.526718459555408e-05,0.0007244589740389637,-287.2857142857143,-1845.0,637.8187638429933,1.0,23528,23.82,0
10.0,2.0,10.0,0.2,9.0,3.0,4.0,0.08888888888888889,320.7,1599.0,477.0,10.0,2668.0,2448738.0,1.0829000984346533e-05,0.0010985762008132256,-324.3,-1596.0,447.11744542122267,1.0,26360,28.623,0
17.0,3.0,16.0,0.11764705882352941,14.0,5.0,21.0,0.15441176470588236,427.6470588235294,1599.0,832.0,14.0,4836.0,6630880.0,1.7430069203285125e-05,0.002801083498713651,-433.2352941176471,-1597.0,477.7707460834629,1.0,17324,91.382,1
10.0,4.0,9.0,0.3,5.0,6.0,17.0,0.37777777777777777,7.2,24.0,58.0,5.0,38.0,72639.0,2.1744112021608007e-05,1.6025193639051757e-05,-3.0,-30.0,9.715966241192895,0.4,54554,1.099,0
12.0,8.0,6.0,0.16666666666666666,12.0,4.0,14.0,0.21212121212121213,213.08333333333334,723.0,672.0,12.0,1941.0,2906893.0,1.0942746238556645e-05,0.0012901776641381884,-214.08333333333334,-722.0,182.34237866046269,1.0,16201,49.716,1
11.0,5.0,9.0,0.2727272727272727,4.0,3.0,1.0,0.01818181818181818,49.27272727272727,279.0,124.0,5.0,527.0,505150.0,3.0145634045749653e-05,9.470785684253758e-05,-55.72727272727273,-283.0,93.93720427555547,1.0,32707,5.151,0
9.0,1.0,8.0,0.0,7.0,4.0,6.0,0.16666666666666666,605.2222222222222,3044.0,389.0,7.0,4662.0,2983200.0,1.278411211091848e-05,0.0015641395404783255,-606.2222222222222,-3037.0,984.1871748106295,1.0,1974,31.725,0
7.0,4.0,4.0,0.14285714285714285,6.0,3.0,1.0,0.047619047619047616,135.42857142857142,325.0,266.0,6.0,878.0,749436.0,1.0371979141662827e-05,0.0003636943233167948,-137.57142857142858,-325.0,116.77677991163573,1.0,17672,17.122,0
15.0,11.0,15.0,0.7333333333333333,13.0,5.0,15.0,0.14285714285714285,308.1333333333333,1682.0,745.0,13.0,3360.0,3887016.0,1.5339536758630785e-05,0.0017759450518833753,-313.1333333333333,-1672.0,443.838989825014,1.0,14317,48.798,1
6.0,6.0,1.0,0.16666666666666666,4.0,5.0,10.0,0.6666666666666666,5.666666666666667,12.0,22.0,4.0,12.0,12945.0,1.2877950163615926e-05,7.518952305142503e-06,2.3333333333333335,-1.0,1.8856180831641265,0.16666666666666666,65620,1.046,0
7.0,7.0,1.0,0.14285714285714285,5.0,4.0,6.0,0.2857142857142857,44.714285714285715,135.0,129.0,5.0,280.0,230340.0,1.0896594759263576e-05,8.652784218498473e-05,-42.57142857142857,-126.0,46.888491255796424,1.0,33353,4.965,0
12.0,4.0,8.0,0.0,10.0,3.0,2.0,0.030303030303030304,363.5,1626.0,520.0,10.0,3659.0,3729099.0,1.460056964026267e-05,0.001432083692776098,-370.5,-1631.0,564.6450950228234,1.0,23455,38.921,0
8.0,4.0,8.0,0.5,4.0,5.0,6.0,0.21428571428571427,87.25,267.0,242.0,5.0,650.0,699930.0,1.2844577639236894e-05,0.0002454493722085558,-86.75,-271.0,96.88233843172861,0.5,23323,16.034,0
6.0,6.0,0.0,0.0,6.0,6.0,14.0,0.9333333333333333,16.833333333333332,21.0,60.0,6.0,31.0,8095.0,7.301890621445144e-06,3.324287413147643e-06,-4.833333333333333,-8.0,2.266911751455908,1.0,61578,1.056,0
10.0,1.0,9.0,0.0,9.0,5.0,18.0,0.4,507.0,1323.0,490.0,10.0,3445.0,3058713.0,1.1087877820062418e-05,0.0019464560517723653,-502.2,-1311.0,469.6289599247474,1.0,20169,47.856,1
10.0,5.0,8.0,0.3,8.0,5.0,14.0,0.3111111111111111,230.2,693.0,405.0,8.0,1902.0,1643139.0,1.410373088770534e-05,0.0006687421892057197,-227.8,-687.0,266.5418541242632,1.0,15457,27.648,0
7.0,4.0,5.0,0.2857142857142857,5.0,5.0,9.0,0.42857142857142855,26.0,57.0,110.0,5.0,122.0,109656.0,1.1147325453811812e-05,5.697136785420208e-05,-21.285714285714285,-48.0,17.93411980168596,1.0,27571,3.788,0
12.0,5.0,9.0,0.16666666666666666,9.0,3.0,8.0,0.12121212121212122,110.41666666666667,397.0,422.0,9.0,1168.0,1732368.0,1.7355653697522052e-05,0.0005326123085773047,-114.41666666666667,-399.0,119.12210705359811,1.0,10899,18.862,0
7.0,3.0,6.0,0.2857142857142857,7.0,2.0,0.0,0.0,42.857142857142854,111.0,134.0,7.0,293.0,201414.0,1.038716056077808e-05,6.408346250582668e-05,-45.857142857142854,-114.0,33.617293897331955,1.0,24001,10.868,0
8.0,1.0,7.0,0.0,5.0,3.0,1.0,0.03571428571428571,75.25,253.0,208.0,5.0,558.0,480487.0,1.4850456460444041e-05,0.00015634589105274343,-78.5,-257.0,82.74962235563375,1.0,30473,9.349,0
7.0,3.0,6.0,0.2857142857142857,6.0,3.0,2.0,0.09523809523809523,118.14285714285714,512.0,222.0,7.0,781.0,799344.0,8.456257610901966e-06,0.00042774453399281235,-119.42857142857143,-512.0,167.8007808111045,1.0,36220,21.045,0
7.0,5.0,6.0,0.5714285714285714,6.0,6.0,15.0,0.7142857142857143,14.142857142857142,34.0,52.0,6.0,55.0,38070.0,1.1393268912899285e-05,1.8614209485869012e-05,-4.285714285714286,-22.0,8.08374534331149,0.5714285714285714,18550,2.476,0
10.0,1.0,10.0,0.1,10.0,5.0,11.0,0.24444444444444444,143.7,237.0,553.0,10.0,1032.0,1128726.0,9.516881475069235e-06,0.0006353046965265904,-143.1,-237.0,51.96239024525338,1.0,9570,23.995,0
10.0,9.0,4.0,0.3,7.0,4.0,12.0,0.26666666666666666,109.2,568.0,262.0,8.0,945.0,1032408.0,1.3472109738939363e-05,0.00027817665379364204,-108.0,-559.0,160.40947602931692,1.0,19828,12.269,0
13.0,12.0,8.0,0.5384615384615384,11.0,7.0,29.0,0.3717948717948718,113.6923076923077,357.0,469.0,11.0,1097.0,2057172.0,1.281942783720191e-05,0.0005945197468964068,-109.3076923076923,-339.0,106.5763609345861,1.0,20142,29.7,0
9.0,1.0,9.0,0.1111111111111111,9.0,7.0,26.0,0.7222222222222222,107.11111111111111,317.0,369.0,9.0,709.0,938360.0,8.565862896544623e-06,0.00038505615904013457,-94.77777777777777,-304.0,93.46987367034696,1.0,14865,16.779,0
11.0,3.0,10.0,0.18181818181818182,11.0,5.0,19.0,0.34545454545454546,435.45454545454544,1842.0,619.0,11.0,3093.0,3251370.0,9.944581198978884e-06,0.002302834577223395,-432.09090909090907,-1819.0,508.91782772064573,1.0,2611,86.044,1
7.0,2.0,5.0,0.0,4.0,2.0,0.0,0.0,111.85714285714286,398.0,149.0,4.0,700.0,755370.0,1.2396811862505256e-05,0.0004584515168966605,-114.85714285714286,-401.0,171.37713514054198,1.0,5084,19.421,0
17.0,14.0,5.0,0.11764705882352941,13.0,4.0,20.0,0.14705882352941177,291.2352941176471,1682.0,658.0,13.0,3948.0,4738768.0,2.1305964699150675e-05,0.0013451378437098816,-297.1764705882353,-1695.0,414.1878282777339,1.0,11187,55.042,1
7.0,7.0,5.0,0.7142857142857143,4.0,3.0,2.0,0.09523809523809523,9.285714285714286,28.0,41.0,4.0,61.0,44604.0,1.4225724004951167e-05,1.4559226527712943e-05,-10.571428571428571,-31.0,9.9693407556388,0.8571428571428571,40189,1.08,0
16.0,13.0,12.0,0.5625,10.0,4.0,8.0,0.06666666666666667,90.5,307.0,455.0,11.0,1219.0,2133015.0,2.3000613272990083e-05,0.0004636954132460915,-99.5,-313.0,101.57878715558677,1.0,21089,18.671,0
6.0,5.0,4.0,0.5,4.0,4.0,4.0,0.26666666666666666,214.33333333333334,962.0,129.0,4.0,1248.0,351470.0,1.231895425968951e-05,0.00015181928228693618,-212.33333333333334,-961.0,352.62712443725724,0.8333333333333334,67142,8.717,0
7.0,5.0,3.0,0.14285714285714285,5.0,4.0,5.0,0.23809523809523808,502.7142857142857,1229.0,315.0,5.0,3081.0,1574424.0,1.1787145891902674e-05,0.0008739343047215518,-501.42857142857144,-1223.0,444.0523962464845,1.0,43610,20.056,0
14.0,3.0,14.0,0.21428571428571427,9.0,6.0,36.0,0.3956043956043956,32.642857142857146,172.0,191.0,9.0,333.0,658346.0,1.9435912674318983e-05,0.00011123277792430755,-27.214285714285715,-176.0,45.433119718405194,1.0,25364,6.649,0
7.0,2.0,6.0,0.14285714285714285,5.0,5.0,6.0,0.2857142857142857,53.714285714285715,255.0,164.0,5.0,319.0,362136.0,1.043853265900449e-05,0.00021698543831486557,-51.57142857142857,-249.0,83.07459151330232,1.0,11635,11.455,0
14.0,4.0,13.0,0.21428571428571427,14.0,9.0,51.0,0.5604395604395604,278.42857142857144,1626.0,831.0,14.0,2514.0,3445546.0,1.1638056212980134e-05,0.001868312047761395,-266.57142857142856,-1621.0,387.0975724701008,1.0,9787,53.682,1
9.0,3.0,8.0,0.2222222222222222,7.0,4.0,9.0,0.25,254.77777777777777,919.0,424.0,7.0,1861.0,1871712.0,9.986832686220982e-06,0.0009772321748750142,-253.77777777777777,-915.0,273.2137046252653,1.0,9647,44.227,1
12.0,10.0,3.0,0.08333333333333333,9.0,4.0,15.0,0.22727272727272727,144.91666666666666,461.0,360.0,9.0,1484.0,1469633.0,1.5039263530042226e-05,0.0003763930765753234,-145.41666666666666,-452.0,171.49026130431494,1.0,23495,26.517,0
8.0,2.0,7.0,0.125,6.0,3.0,3.0,0.10714285714285714,442.5,1599.0,368.0,6.0,3076.0,1883693.0,1.160183576405886e-05,0.0010090235562498885,-444.25,-1603.0,525.8154975844664,1.0,7634,30.922,0
11.0,4.0,10.0,0.2727272727272727,10.0,4.0,6.0,0.10909090909090909,179.9090909090909,919.0,461.0,10.0,1662.0,2256300.0,1.1913962881886667e-05,0.0008621500934967533,-183.63636363636363,-923.0,249.35636154171468,1.0,13160,34.453,0
12.0,7.0,9.0,0.3333333333333333,9.0,5.0,20.0,0.30303030303030304,419.4166666666667,3044.0,564.0,9.0,4046.0,3968558.0,1.1851487316120303e-05,0.0018250037277383856,-417.4166666666667,-3031.0,805.324516197594,1.0,6717,44.445,1
11.0,8.0,7.0,0.36363636363636365,3.0,2.0,0.0,0.0,13.909090909090908,131.0,70.0,4.0,153.0,208370.0,3.923156632602812e-05,5.316146060771643e-05,-20.90909090909091,-138.0,37.05635645498634,1.0,6835,6.431,0
15.0,15.0,1.0,0.06666666666666667,7.0,4.0,6.0,0.05714285714285714,80.33333333333333,345.0,334.0,7.0,1052.0,1655024.0,2.915690904291353e-05,0.0003430028748283056,-88.93333333333334,-350.0,107.20290211660419,1.0,11362,14.909,0
11.0,4.0,7.0,0.0,3.0,2.0,0.0,0.0,29.363636363636363,272.0,78.0,3.0,322.0,361860.0,4.1879869573296226e-05,6.54572442739502e-05,-36.36363636363637,-279.0,77.37308990419288,1.0,43452,5.249,0
12.0,3.0,11.0,0.16666666666666666,7.0,3.0,6.0,0.09090909090909091,369.25,3044.0,347.0,8.0,3936.0,3304543.0,1.8494232830981084e-05,0.0010217681206094046,-374.25,-3046.0,829.2549994824672,1.0,23733,35.661,0
10.0,6.0,9.0,0.5,5.0,3.0,1.0,0.022222222222222223,69.6,279.0,223.0,5.0,660.0,693288.0,2.2104973185144975e-05,0.0001889217622612119,-75.0,-282.0,92.82564300881519,1.0,28655,6.452,0
16.0,11.0,8.0,0.1875,16.0,5.0,31.0,0.25833333333333336,272.0625,1172.0,927.0,16.0,3148.0,4907130.0,1.53962004847378e-05,0.0017439600411043683,-272.4375,-1163.0,259.22913820353995,1.0,10622,51.328,1
10.0,5.0,8.0,0.3,8.0,4.0,7.0,0.15555555555555556,230.2,1172.0,387.0,9.0,1914.0,2139696.0,1.1064497357257934e-05,0.00099157550956709,-232.0,-1169.0,340.9389974760881,1.0,16521,22.438,0
7.0,4.0,5.0,0.2857142857142857,3.0,3.0,2.0,0.09523809523809523,108.0,534.0,167.0,3.0,719.0,620004.0,1.639096317708813e-05,0.00030344255343528486,-109.28571428571429,-537.0,184.07352124759768,0.8571428571428571,31293,7.792,0
10.0,6.0,7.0,0.3,8.0,6.0,19.0,0.4222222222222222,315.8,1141.0,357.0,10.0,2580.0,2013246.0,1.3302563022020616e-05,0.000793237374110988,-310.4,-1144.0,403.4216652585729,1.0,39090,34.017,0
9.0,4.0,8.0,0.3333333333333333,5.0,4.0,3.0,0.08333333333333333,109.22222222222223,450.0,203.0,5.0,909.0,952088.0,2.0007715939104608e-05,0.0003554550664855862,-112.22222222222223,-455.0,166.27940192992287,1.0,11553,18.003,0
9.0,8.0,3.0,0.2222222222222222,7.0,5.0,8.0,0.2222222222222222,125.55555555555556,410.0,331.0,7.0,960.0,1027312.0,1.289152481807405e-05,0.00040687778211348865,-125.22222222222223,-415.0,137.67173338357986,1.0,21100,23.477,0
9.0,5.0,9.0,0.5555555555555556,5.0,5.0,13.0,0.3611111111111111,23.333333333333332,79.0,120.0,5.0,163.0,211416.0,1.4086677773166845e-05,7.732372743487914e-05,-19.666666666666668,-66.0,24.526629518862872,0.8888888888888888,18335,2.475,0
7.0,6.0,2.0,0.14285714285714285,2.0,3.0,5.0,0.23809523809523808,38.142857142857146,235.0,89.0,2.0,257.0,329880.0,1.527961130715392e-05,0.0001331559114736434,-36.857142857142854,-238.0,82.16260632155617,1.0,25462,2.42,0
14.0,12.0,10.0,0.5714285714285714,7.0,5.0,18.0,0.1978021978021978,69.0,398.0,333.0,9.0,768.0,1413295.0,1.9113432940914657e-05,0.00031351563105568774,-71.28571428571429,-408.0,106.75300502389922,1.0,19871,11.905,0
7.0,2.0,7.0,0.2857142857142857,5.0,2.0,0.0,0.0,176.71428571428572,719.0,296.0,5.0,1142.0,985716.0,9.780628669674418e-06,0.0005568779377806987,-179.71428571428572,-722.0,230.0849000358124,1.0,24628,25.794,0
16.0,10.0,10.0,0.25,13.0,4.0,20.0,0.16666666666666666,255.0,1007.0,750.0,13.0,2962.0,4763055.0,1.8665243959268614e-05,0.0017740519073130786,-259.5,-1001.0,256.4385891397783,1.0,6204,69.976,1
13.0,4.0,11.0,0.15384615384615385,11.0,8.0,44.0,0.5641025641025641,35.30769230769231,255.0,192.0,11.0,311.0,632568.0,1.5406297065313688e-05,0.00016151289525385664,-24.0,-249.0,65.51100905719822,0.6923076923076923,11627,6.471,0
7.0,7.0,2.0,0.2857142857142857,2.0,2.0,0.0,0.0,32.714285714285715,211.0,79.0,2.0,228.0,297012.0,2.6051396893041048e-05,0.00011739581818736347,-35.714285714285715,-214.0,72.90250688559401,1.0,9262,4.976,0
8.0,5.0,6.0,0.375,6.0,2.0,0.0,0.0,94.625,286.0,251.0,6.0,714.0,794458.0,9.798900277127695e-06,0.00032407459109967375,-98.625,-290.0,97.41526766888238,1.0,13441,12.593,0
9.0,7.0,6.0,0.4444444444444444,6.0,5.0,18.0,0.5,34.77777777777778,122.0,153.0,7.0,263.0,199392.0,1.1366821362244463e-05,5.459134944024811e-05,-27.77777777777778,-112.0,36.883533747844645,0.7777777777777778,29335,5.047,0
14.0,8.0,7.0,0.07142857142857142,12.0,4.0,14.0,0.15384615384615385,290.35714285714283,997.0,679.0,12.0,2802.0,3770884.0,1.5829633706365347e-05,0.0015502606705970028,-294.35714285714283,-989.0,290.09003704339233,1.0,17608,64.995,1
7.0,7.0,1.0,0.14285714285714285,5.0,4.0,10.0,0.47619047619047616,104.14285714285714,390.0,183.0,5.0,659.0,577602.0,9.746351315197366e-06,0.0002466355645020166,-98.57142857142857,-384.0,140.7427817411781,0.7142857142857143,41682,14.392,0
10.0,10.0,6.0,0.6,4.0,4.0,11.0,0.24444444444444444,42.8,272.0,132.0,6.0,393.0,413064.0,1.816952356347892e-05,0.00010023388572152138,-42.2,-275.0,82.33565448819849,1.0,42157,11.185,0
8.0,5.0,7.0,0.5,5.0,3.0,3.0,0.10714285714285714,232.0,1172.0,281.0,5.0,1651.0,1366358.0,1.1018922905530344e-05,0.0007120460717816146,-233.75,-1173.0,377.81303246447175,1.0,15988,24.348,0
16.0,9.0,12.0,0.3125,13.0,4.0,8.0,0.06666666666666667,101.875,421.0,549.0,13.0,1300.0,2507265.0,1.7711099300964136e-05,0.0005245247260081704,-110.875,-430.0,109.9351371263983,1.0,23315,27.114,0
11.0,6.0,5.0,0.0,3.0,3.0,8.0,0.14545454545454545,5.363636363636363,10.0,33.0,5.0,31.0,690.0,2.722703831842658e-05,4.0695536120055995e-08,-8.0,-12.0,3.0151134457776365,1.0,75767,1.115,0
12.0,7.0,11.0,0.5,12.0,9.0,47.0,0.7121212121212122,64.91666666666667,146.0,356.0,12.0,520.0,782815.0,1.1896682274940088e-05,0.00023116789593349553,-49.416666666666664,-141.0,47.58931661156268,1.0,29432,22.544,0
7.0,2.0,5.0,0.0,5.0,3.0,1.0,0.047619047619047616,281.42857142857144,1626.0,221.0,5.0,1881.0,1204722.0,1.1687907257774206e-05,0.000640407014762247,-283.57142857142856,-1626.0,551.7229784030743,1.0,29411,18.32,0
13.0,11.0,10.0,0.6153846153846154,9.0,6.0,22.0,0.28205128205128205,47.53846153846154,252.0,255.0,9.0,494.0,1030104.0,1.4763251882165523e-05,0.00023455193940705762,-46.38461538461539,-261.0,68.95878196043964,1.0,8178,7.709,0
8.0,3.0,7.0,0.25,6.0,3.0,1.0,0.03571428571428571,82.125,385.0,242.0,6.0,615.0,598717.0,1.0773126633126912e-05,0.0002428225577819121,-85.375,-386.0,117.03518434641781,1.0,17193,7.766,0
7.0,7.0,7.0,1.0,4.0,3.0,1.0,0.047619047619047616,104.14285714285714,434.0,170.0,4.0,678.0,587418.0,1.4739283785157134e-05,0.00022525183993110098,-106.28571428571429,-434.0,148.1589053161834,1.0,24274,7.937,0
11.0,2.0,9.0,0.0,10.0,3.0,4.0,0.07272727272727272,199.1818181818182,786.0,551.0,10.0,1786.0,2467370.0,1.12491188295375e-05,0.0010059168158645204,-204.0,-787.0,207.20126359741062,1.0,7623,43.974,1
8.0,2.0,8.0,0.25,6.0,2.0,0.0,0.0,114.875,257.0,277.0,7.0,888.0,661171.0,1.1324281349085204e-05,0.00024737620637773277,-118.875,-261.0,91.84285151823194,1.0,8865,15.227,0
13.0,5.0,10.0,0.15384615384615385,10.0,4.0,8.0,0.10256410256410256,216.92307692307693,1229.0,435.0,11.0,2382.0,3279084.0,1.6614322465971305e-05,0.0010134121487542205,-222.23076923076923,-1229.0,357.5186178790939,1.0,29566,36.658,0
6.0,4.0,3.0,0.16666666666666666,3.0,2.0,0.0,0.0,7.833333333333333,21.0,34.0,3.0,47.0,37645.0,1.520884637147421e-05,1.2777898066349795e-05,-9.833333333333334,-23.0,8.64902049688608,1.0,57451,2.548,0
17.0,17.0,17.0,1.0,15.0,5.0,25.0,0.18382352941176472,129.52941176470588,449.0,618.0,15.0,1464.0,2109712.0,2.0354806450898213e-05,0.0005418302976031773,-133.7058823529412,-450.0,116.81295491505279,1.0,19857,22.056,0
7.0,4.0,5.0,0.2857142857142857,5.0,4.0,6.0,0.2857142857142857,96.71428571428571,342.0,193.0,5.0,599.0,618060.0,1.024580078273312e-05,0.0003113856517483618,-94.57142857142857,-342.0,114.99547462258448,0.8571428571428571,28363,14.556,0
11.0,5.0,11.0,0.45454545454545453,7.0,4.0,6.0,0.10909090909090909,337.6363636363636,3044.0,299.0,7.0,3448.0,3037890.0,1.4139614732838656e-05,0.0010320835432393862,-341.3636363636364,-3048.0,861.0337626921884,1.0,17295,18.229,0
14.0,5.0,13.0,0.2857142857142857,10.0,3.0,3.0,0.03296703296703297,86.42857142857143,724.0,336.0,12.0,1141.0,1455155.0,1.7390773646191138e-05,0.0002796898855919113,-95.14285714285714,-731.0,179.2631175287389,1.0,20058,20.394,0
11.0,5.0,10.0,0.36363636363636365,9.0,3.0,1.0,0.01818181818181818,155.0,423.0,496.0,9.0,1416.0,2225570.0,1.4316240298569759e-05,0.0009370966848500728,-161.45454545454547,-430.0,129.84561716715993,1.0,5565,31.842,0
15.0,9.0,12.0,0.4,12.0,5.0,23.0,0.21904761904761905,62.266666666666666,278.0,399.0,12.0,780.0,1575812.0,1.5604781445864935e-05,0.0003122528012560827,-64.06666666666666,-283.0,73.86516243955755,1.0,20509,21.301,0
15.0,5.0,15.0,0.3333333333333333,15.0,5.0,13.0,0.12380952380952381,169.73333333333332,450.0,809.0,15.0,1739.0,3171434.0,1.2818135131118179e-05,0.0013408944329738814,-175.53333333333333,-458.0,126.76059675186484,1.0,9690,43.486,1
19.0,0.0,19.0,0.0,17.0,6.0,37.0,0.21637426900584794,360.05263157894734,1229.0,918.0,17.0,4149.0,6372702.0,2.1487767311502107e-05,0.002388163207668783,-363.36842105263156,-1217.0,366.37702906135195,1.0,7539,70.541,1
35.0,20.0,20.0,0.14285714285714285,25.0,6.0,72.0,0.12100840336134454,203.05714285714285,1205.0,1396.0,28.0,4322.0,12574968.0,4.0438146458865626e-05,0.00268160704041247,-221.71428571428572,-1218.0,266.7629843061409,1.0,1772,96.485,1
33.0,22.0,21.0,0.30303030303030304,26.0,6.0,74.0,0.14015151515151514,208.27272727272728,1626.0,1557.0,29.0,3829.0,11689472.0,2.9018544186658703e-05,0.00364181685984737,-223.8181818181818,-1604.0,290.22232382292555,1.0,71394,109.794,1
130.0,49.0,112.0,0.23846153846153847,60.0,12.0,648.0,0.07728085867620751,231.36923076923077,3044.0,6228.0,81.0,10215.0,68371419.0,0.00011628900985922833,0.013405553775865024,-327.46153846153845,-3050.0,321.686807884414,1.0,2246,397.22,1
23.0,19.0,15.0,0.4782608695652174,17.0,9.0,58.0,0.22924901185770752,47.91304347826087,117.0,552.0,20.0,690.0,1523280.0,2.1615774790092058e-05,0.00021290762659446213,-51.78260869565217,-118.0,30.067975917966326,1.0,26042,19.217,0
116.0,94.0,93.0,0.6120689655172413,55.0,8.0,354.0,0.05307346326836582,192.19827586206895,3044.0,5291.0,73.0,9291.0,61221170.0,0.00010369541378284925,0.009229349657827375,-285.88793103448273,-3039.0,314.3389278763895,1.0,771,302.127,1
125.0,99.0,50.0,0.192,53.0,17.0,1159.0,0.1495483870967742,223.856,3044.0,5942.0,80.0,10019.0,64337276.0,0.00010288363944097402,0.009996851757136915,-289.224,-2997.0,337.107742159684,1.0,3986,297.051,1
21.0,7.0,19.0,0.23809523809523808,14.0,4.0,13.0,0.06190476190476191,261.7142857142857,3044.0,679.0,14.0,4237.0,7276360.0,2.8194071722889504e-05,0.001972303241635434,-275.0,-3040.0,636.6867361583717,1.0,3677,68.968,1
92.0,34.0,81.0,0.25,39.0,9.0,288.0,0.06880076445293837,159.8913043478261,1365.0,3102.0,47.0,7110.0,43060108.0,0.00010441439647275956,0.005470877337837931,-229.1086956521739,-1372.0,228.12374866943233,1.0,10478,180.773,1
23.0,16.0,19.0,0.5217391304347826,9.0,5.0,28.0,0.11067193675889328,184.34782608695653,1323.0,522.0,11.0,3024.0,5532428.0,3.9169319659009085e-05,0.0011063874132134226,-196.04347826086956,-1327.0,339.5420801559025,1.0,34220,39.691,0
22.0,10.0,18.0,0.2727272727272727,18.0,7.0,65.0,0.2813852813852814,317.6818181818182,1172.0,1031.0,19.0,4300.0,8272278.0,2.1875625897707028e-05,0.0027971694705245555,-317.95454545454544,-1142.0,350.3782990987582,1.0,9139,93.77,1
42.0,33.0,42.0,0.7857142857142857,22.0,19.0,485.0,0.5632984901277585,66.02380952380952,512.0,1109.0,29.0,1393.0,8649688.0,3.1016004083081566e-05,0.0010009895861474115,-34.73809523809524,-505.0,107.26426190528777,0.5476190476190477,14727,36.102,0
18.0,14.0,17.0,0.7222222222222222,14.0,6.0,36.0,0.23529411764705882,166.72222222222223,908.0,717.0,14.0,2149.0,4277234.0,1.7444454730223563e-05,0.0013650643547056397,-168.72222222222223,-916.0,228.24154007823367,1.0,7993,50.267,1
40.0,31.0,38.0,0.725,29.0,8.0,126.0,0.16153846153846155,93.525,682.0,1357.0,30.0,2058.0,9464832.0,3.419796550999081e-05,0.0013084174133448684,-110.625,-709.0,113.09767625817959,1.0,4919,57.048,1
55.0,24.0,51.0,0.36363636363636365,26.0,9.0,150.0,0.10101010101010101,188.3090909090909,1842.0,1831.0,34.0,5750.0,24921972.0,5.3836264134362275e-05,0.0040585161413444655,-222.94545454545454,-1863.0,339.0076115091769,1.0,11545,152.55,1
27.0,19.0,19.0,0.4074074074074074,15.0,5.0,28.0,0.07977207977207977,144.55555555555554,1599.0,685.0,16.0,3053.0,7356128.0,3.2441166069515924e-05,0.0011704470366494292,-161.33333333333334,-1604.0,318.3865575051811,1.0,23304,35.136,0
21.0,14.0,15.0,0.38095238095238093,15.0,5.0,28.0,0.13333333333333333,127.47619047619048,723.0,783.0,15.0,2010.0,4714600.0,2.4359625884178355e-05,0.0009168934422509986,-136.47619047619048,-722.0,150.85016818893635,1.0,11573,41.522,0
25.0,17.0,10.0,0.08,19.0,5.0,49.0,0.16333333333333333,254.04,1682.0,1228.0,20.0,4146.0,7942272.0,2.406117287522362e-05,0.0026643593333700697,-263.28,-1670.0,355.4572851975326,1.0,4881,90.532,1
23.0,13.0,16.0,0.2608695652173913,17.0,4.0,18.0,0.07114624505928854,182.8695652173913,1172.0,871.0,17.0,2988.0,7199390.0,2.539855015996812e-05,0.0018843321094481548,-197.17391304347825,-1182.0,275.9780476735995,1.0,10212,77.069,1
95.0,78.0,35.0,0.18947368421052632,47.0,7.0,252.0,0.05643896976483763,208.52631578947367,3044.0,3776.0,53.0,9215.0,48541882.0,9.461295351040236e-05,0.00749124407385726,-283.61052631578946,-3048.0,366.1184822527967,1.0,11763,240.807,1
36.0,18.0,26.0,0.2222222222222222,18.0,15.0,221.0,0.35079365079365077,39.666666666666664,254.0,552.0,20.0,487.0,1468390.0,3.913601404231426e-05,0.00010438551149542709,-34.833333333333336,-280.0,42.852784169889254,1.0,12761,7.018,0
60.0,56.0,18.0,0.23333333333333334,33.0,11.0,234.0,0.13220338983050847,153.9,1229.0,2249.0,39.0,5407.0,24861184.0,5.642551201154357e-05,0.003294841775164038,-186.5,-1258.0,215.7317392812966,1.0,12022,105.533,1
92.0,27.0,89.0,0.2608695652173913,51.0,10.0,382.0,0.09125656951743909,232.04347826086956,1599.0,4235.0,63.0,9067.0,46043725.0,8.915564355738402e-05,0.008306675016765132,-295.1304347826087,-1576.0,280.9380334503348,1.0,9490,257.96,1
23.0,18.0,9.0,0.17391304347826086,18.0,4.0,15.0,0.05928853754940711,210.7391304347826,1132.0,1026.0,19.0,3395.0,7471816.0,2.409578259745973e-05,0.00217064709596522,-225.82608695652175,-1139.0,269.76731554593863,1.0,6140,73.663,1
47.0,37.0,38.0,0.5957446808510638,22.0,19.0,494.0,0.4569842738205365,60.61702127659574,512.0,1210.0,30.0,1401.0,9267160.0,3.580310138414427e-05,0.0010348419712619497,-40.5531914893617,-507.0,94.48174618493681,0.6808510638297872,6115,41.025,0
26.0,18.0,22.0,0.5384615384615384,13.0,8.0,60.0,0.18461538461538463,108.3076923076923,997.0,574.0,16.0,2162.0,5422950.0,3.554698161343707e-05,0.0007565418306381928,-116.46153846153847,-1007.0,217.39386991025347,1.0,19332,35.568,0
29.0,11.0,28.0,0.3448275862068966,24.0,5.0,54.0,0.1330049261083744,369.6551724137931,3044.0,1448.0,24.0,6429.0,12604956.0,2.8515461632028316e-05,0.003717795891075616,-383.48275862068965,-3042.0,599.2391509635886,1.0,11765,111.413,1
44.0,15.0,42.0,0.29545454545454547,28.0,6.0,77.0,0.08139534883720931,186.38636363636363,1842.0,1731.0,28.0,4355.0,16898183.0,4.648405768178622e-05,0.004109659904759659,-215.88636363636363,-1816.0,293.4017735514571,1.0,3388,121.763,1
24.0,21.0,14.0,0.4583333333333333,13.0,10.0,104.0,0.37681159420289856,43.083333333333336,168.0,471.0,17.0,597.0,1605538.0,2.493498642231724e-05,0.00021376682385096808,-37.083333333333336,-155.0,38.98922571970649,0.9583333333333334,23026,8.294,0
86.0,57.0,39.0,0.11627906976744186,54.0,13.0,473.0,0.12941176470588237,348.56976744186045,3044.0,4150.0,62.0,11416.0,46542090.0,8.229212180986907e-05,0.011795375173358706,-397.56976744186045,-2982.0,471.813042907978,1.0,2553,299.168,1
27.0,15.0,19.0,0.25925925925925924,18.0,4.0,29.0,0.08262108262108261,321.2962962962963,1599.0,1114.0,21.0,5387.0,10967294.0,2.845668924725469e-05,0.0033732784514673634,-337.85185185185185,-1610.0,417.3150247762211,1.0,4204,89.884,1
227.0,227.0,227.0,1.0,66.0,13.0,1564.0,0.06097228178238665,152.85462555066078,1599.0,10574.0,111.0,10544.0,118680058.0,0.00018968415440617466,0.01665740376368976,-334.51541850220264,-1537.0,158.66309159510442,1.0,2063,555.479,1
36.0,14.0,33.0,0.3055555555555556,18.0,5.0,30.0,0.047619047619047616,155.33333333333334,1599.0,1020.0,19.0,3911.0,12078220.0,5.253034438184633e-05,0.0019491743594943528,-182.33333333333334,-1604.0,293.3762279243346,1.0,6776,68.491,1
171.0,84.0,133.0,0.26900584795321636,54.0,12.0,1385.0,0.09528723770209838,130.98830409356725,1626.0,6933.0,82.0,7783.0,84083190.0,0.00014028958633463176,0.009191092721176826,-249.3918128654971,-1733.0,164.89278367596754,1.0,5260,321.474,1
260.0,62.0,241.0,0.16538461538461538,58.0,14.0,1908.0,0.05666765666765667,148.60384615384615,1365.0,8780.0,99.0,12765.0,144742668.0,0.00026381012019251524,0.01337773855626942,-360.57307692307694,-1498.0,207.03381005506603,1.0,3220,407.296,1
19.0,13.0,17.0,0.5789473684210527,16.0,3.0,10.0,0.05847953216374269,156.78947368421052,851.0,804.0,16.0,2481.0,4725234.0,2.0778215081360443e-05,0.0010520701286333976,-168.6315789473684,-857.0,209.29058382176274,1.0,8324,47.789,1
21.0,14.0,13.0,0.2857142857142857,13.0,4.0,14.0,0.06666666666666667,151.0,997.0,692.0,13.0,2428.0,5408100.0,3.0236441242191527e-05,0.001231656235321521,-164.0,-1011.0,226.85321455157066,1.0,6687,44.469,1
29.0,16.0,20.0,0.2413793103448276,12.0,4.0,16.0,0.03940886699507389,205.48275862068965,3044.0,655.0,14.0,4803.0,10233160.0,5.675816027540572e-05,0.0016097606692247809,-227.17241379310346,-3057.0,571.3101138047119,1.0,24430,46.203,1
28.0,8.0,28.0,0.2857142857142857,25.0,6.0,41.0,0.10846560846560846,192.07142857142858,1229.0,1367.0,26.0,3494.0,9692892.0,2.416444614829346e-05,0.002462208105615606,-207.28571428571428,-1220.0,269.76429621097765,1.0,8135,90.049,1
55.0,24.0,46.0,0.2727272727272727,43.0,6.0,132.0,0.08888888888888889,251.0,3044.0,2896.0,46.0,6825.0,25558200.0,4.7000741596799293e-05,0.005856161454061186,-287.6,-3026.0,418.126279315885,1.0,4701,156.679,1
133.0,46.0,114.0,0.20300751879699247,66.0,17.0,1162.0,0.13237639553429026,272.4135338345865,3044.0,7054.0,91.0,10385.0,69639900.0,0.00010374141132052546,0.017882997428174837,-348.9924812030075,-3029.0,337.24098378826267,1.0,636,466.194,1
36.0,30.0,7.0,0.027777777777777776,23.0,7.0,88.0,0.13968253968253969,144.36111111111111,765.0,1249.0,27.0,3023.0,8904280.0,3.752867716160279e-05,0.0015122483109602674,-161.69444444444446,-764.0,177.20246101947347,1.0,14549,79.478,1
96.0,81.0,43.0,0.2916666666666667,54.0,17.0,701.0,0.1537280701754386,225.64583333333334,1365.0,4514.0,64.0,8846.0,48022310.0,9.158035791876333e-05,0.008392106741107632,-273.8333333333333,-1313.0,241.68999887367198,1.0,9862,301.203,1
254.0,154.0,210.0,0.4330708661417323,67.0,22.0,2881.0,0.08966418723351281,195.251968503937,1842.0,13047.0,127.0,11429.0,133491908.0,0.00019618755460222678,0.026958817132569833,-377.1968503937008,-1636.0,177.01841798253824,1.0,113,681.876,1
42.0,7.0,40.0,0.11904761904761904,18.0,4.0,27.0,0.0313588850174216,94.16666666666667,868.0,975.0,21.0,2796.0,12143544.0,5.95800507031476e-05,0.0015204827005964449,-128.3095238095238,-891.0,169.88994870563067,1.0,5975,57.539,1
66.0,55.0,27.0,0.24242424242424243,30.0,15.0,362.0,0.16876456876456877,126.87878787878788,977.0,2224.0,41.0,4625.0,23248550.0,5.667430176828796e-05,0.002569846011098095,-155.96969696969697,-1018.0,189.4024070834346,1.0,9330,93.902,1
20.0,16.0,6.0,0.1,16.0,5.0,31.0,0.1631578947368421,142.3,1007.0,660.0,19.0,2041.0,4822295.0,1.9785571485346206e-05,0.0010413260062195964,-149.0,-1014.0,229.24702833406587,1.0,21342,50.494,1
32.0,18.0,20.0,0.1875,21.0,4.0,32.0,0.06451612903225806,212.59375,3044.0,1144.0,21.0,4872.0,12524062.0,3.5512918212587156e-05,0.002483612890246987,-234.59375,-3051.0,528.343866445838,1.0,4024,72.219,1
20.0,7.0,19.0,0.3,14.0,4.0,10.0,0.05263157894736842,169.8,517.0,786.0,14.0,2364.0,5563390.0,2.6019684594502092e-05,0.0016544211690835424,-182.8,-527.0,166.36453949084222,1.0,4789,51.38,1
27.0,17.0,12.0,0.07407407407407407,18.0,7.0,49.0,0.1396011396011396,329.18518518518516,3044.0,1116.0,18.0,5557.0,11240294.0,3.01682714566615e-05,0.0032661096146307535,-341.2962962962963,-3034.0,593.2108372186823,1.0,10856,95.604,1
84.0,20.0,79.0,0.17857142857142858,54.0,8.0,294.0,0.08433734939759036,243.6547619047619,1599.0,4261.0,67.0,8638.0,42785338.0,7.30172201745803e-05,0.00785930248467768,-302.6547619047619,-1601.0,269.01829881324403,1.0,7722,292.632,1
41.0,25.0,29.0,0.3170731707317073,30.0,10.0,187.0,0.2280487804878049,144.4878048780488,616.0,1815.0,35.0,3070.0,12566080.0,3.244809642381159e-05,0.0022300832298586177,-154.1219512195122,-635.0,133.2681498410119,1.0,6615,74.48,1
21.0,9.0,16.0,0.19047619047619047,14.0,6.0,49.0,0.23333333333333334,100.0952380952381,408.0,717.0,16.0,1344.0,4047480.0,1.944648195853849e-05,0.0012670658518061882,-103.0952380952381,-422.0,116.0828541385131,1.0,619,39.588,0
47.0,23.0,46.0,0.46808510638297873,27.0,12.0,189.0,0.17483811285846437,73.63829787234043,543.0,1339.0,30.0,2020.0,11692924.0,4.164970726508619e-05,0.0012294525141913048,-92.51063829787235,-577.0,100.80080891697237,1.0,26550,59.44,1
65.0,30.0,60.0,0.38461538461538464,43.0,17.0,609.0,0.29278846153846155,141.98461538461538,814.0,2770.0,51.0,3874.0,21341568.0,5.053760062799816e-05,0.002957807206305889,-146.76923076923077,-824.0,154.8499789355212,1.0,15807,121.895,1
19.0,0.0,19.0,0.0,17.0,4.0,13.0,0.07602339181286549,261.89473684210526,786.0,994.0,18.0,3293.0,6382818.0,1.6354802671425345e-05,0.0023473974409517493,-272.7894736842105,-786.0,222.0596361216055,1.0,18239,82.384,1
21.0,3.0,20.0,0.09523809523809523,16.0,4.0,9.0,0.04285714285714286,110.47619047619048,410.0,811.0,16.0,1746.0,4655380.0,2.3408869405747858e-05,0.001038362097227393,-124.9047619047619,-424.0,107.51385503712214,1.0,7536,43.676,1
36.0,36.0,36.0,1.0,25.0,10.0,170.0,0.2698412698412698,215.08333333333334,1682.0,1564.0,26.0,4510.0,11273605.0,3.033032786981588e-05,0.0030808599958384625,-218.75,-1669.0,376.66713679911663,1.0,3085,109.897,1
37.0,36.0,2.0,0.02702702702702703,18.0,6.0,22.0,0.03303303303303303,96.54054054054055,1229.0,925.0,20.0,2679.0,10864404.0,3.907355150332331e-05,0.0013678663345351417,-125.97297297297297,-1256.0,213.09856702835853,1.0,19122,45.025,1
172.0,107.0,103.0,0.22093023255813954,66.0,17.0,1664.0,0.11315109479124166,190.51162790697674,1229.0,8769.0,100.0,9139.0,88890417.0,0.00013549731070537267,0.016326717105749306,-300.4651162790698,-1262.0,173.29442600802716,1.0,3836,475.527,1
305.0,38.0,301.0,0.11147540983606558,67.0,20.0,3309.0,0.07137618636755824,200.13114754098362,3044.0,14917.0,138.0,14618.0,170443376.0,0.00024297183551808376,0.027432747611902022,-436.0360655737705,-2991.0,234.70690898544913,1.0,4929,689.923,1
20.0,1.0,20.0,0.05,17.0,4.0,22.0,0.11578947368421053,233.3,908.0,1005.0,18.0,2943.0,6181669.0,1.8918681054873925e-05,0.0021414571459354792,-242.7,-909.0,223.0764667104085,1.0,13130,72.01,1
40.0,20.0,37.0,0.425,35.0,9.0,155.0,0.1987179487179487,256.8,1016.0,2284.0,36.0,4719.0,15911961.0,3.189332671401656e-05,0.00525306072666301,-269.55,-1025.0,222.9851956969341,1.0,2851,171.501,1
34.0,17.0,23.0,0.17647058823529413,26.0,5.0,50.0,0.08912655971479501,254.85294117647058,3044.0,1445.0,27.0,5840.0,13775124.0,3.688828850427908e-05,0.003047573741392207,-276.02941176470586,-3053.0,555.3442220977014,1.0,4032,98.359,1
153.0,143.0,23.0,0.08496732026143791,50.0,14.0,740.0,0.06363949088407293,130.15032679738562,1132.0,5795.0,75.0,7791.0,73010008.0,0.0001403807287676082,0.007122677899094986,-250.13071895424838,-1230.0,162.45154904885328,1.0,4976,223.757,1
47.0,31.0,28.0,0.2553191489361702,40.0,12.0,236.0,0.2183163737280296,362.82978723404256,3044.0,2552.0,40.0,7363.0,22537654.0,4.0485200467646216e-05,0.007979710229812975,-375.70212765957444,-3030.0,471.2860140262489,1.0,2576,218.577,1
24.0,9.0,23.0,0.3333333333333333,22.0,9.0,92.0,0.3333333333333333,160.70833333333334,908.0,1040.0,22.0,2230.0,6189116.0,2.0803230356295617e-05,0.0014365542320764109,-157.70833333333334,-898.0,193.88451871467774,1.0,6526,81.58,1
30.0,23.0,28.0,0.7,25.0,6.0,63.0,0.14482758620689656,225.1,1626.0,1516.0,26.0,3922.0,10262636.0,2.580640639046535e-05,0.0030921404282183685,-238.5,-1613.0,305.4124806443465,1.0,8504,95.628,1
50.0,31.0,35.0,0.32,41.0,10.0,219.0,0.17877551020408164,325.54,1842.0,2802.0,45.0,7214.0,20923245.0,4.158800873933315e-05,0.007223498853267612,-345.26,-1786.0,394.42823479056364,1.0,992,217.055,1
59.0,16.0,52.0,0.15254237288135594,39.0,5.0,90.0,0.052600818234950324,240.79661016949152,3044.0,2494.0,41.0,7536.0,28386940.0,6.796428868691682e-05,0.0049598742968479425,-286.64406779661016,-3036.0,430.768716217402,1.0,7371,179.918,1
22.0,14.0,17.0,0.4090909090909091,16.0,5.0,31.0,0.1341991341991342,135.72727272727272,908.0,744.0,17.0,2004.0,5251050.0,2.4471089088332824e-05,0.0011330035410823894,-145.27272727272728,-911.0,195.33960679665316,1.0,6020,52.893,1
359.0,312.0,136.0,0.2479108635097493,67.0,21.0,4550.0,0.0708049983660385,189.9025069637883,3044.0,17008.0,150.0,15358.0,198858260.0,0.00031315889505345465,0.03225487826120004,-468.857938718663,-2958.0,198.84869007768648,1.0,1390,781.537,1
149.0,60.0,138.0,0.3288590604026846,54.0,12.0,747.0,0.06774895701070198,167.94630872483222,3044.0,5946.0,84.0,9526.0,78170492.0,0.00013425124563009198,0.009496102155995797,-282.86577181208054,-3018.0,286.78157761258194,1.0,7530,312.716,1
369.0,328.0,161.0,0.3252032520325203,67.0,21.0,5346.0,0.07873806998939555,198.31165311653118,3044.0,17702.0,151.0,17378.0,201813776.0,0.00032056871837540346,0.03265277625643964,-476.38482384823845,-3010.0,231.8407625364411,1.0,1918,743.864,1
26.0,21.0,8.0,0.11538461538461539,14.0,4.0,14.0,0.043076923076923075,100.03846153846153,576.0,680.0,18.0,2126.0,5523925.0,3.3189783125252346e-05,0.000812240836179437,-118.8076923076923,-595.0,142.64776932947305,1.0,7653,29.548,0
32.0,28.0,8.0,0.125,19.0,7.0,105.0,0.21169354838709678,140.53125,1132.0,918.0,22.0,3026.0,7560218.0,4.2489605267659634e-05,0.0010440423669659444,-148.84375,-1139.0,212.14486639072248,1.0,23672,54.375,1
21.0,14.0,20.0,0.6190476190476191,15.0,8.0,55.0,0.2619047619047619,186.1904761904762,1599.0,752.0,16.0,2962.0,6275280.0,2.1057584944305302e-05,0.001541629729522982,-187.47619047619048,-1601.0,347.07383858929296,1.0,21075,59.904,1
27.0,10.0,23.0,0.2222222222222222,18.0,6.0,52.0,0.14814814814814814,141.37037037037038,628.0,1004.0,20.0,2513.0,7491276.0,2.445323675050985e-05,0.0015848344244858417,-152.8148148148148,-639.0,168.77862709983881,1.0,5726,73.445,1
150.0,29.0,147.0,0.17333333333333334,57.0,12.0,767.0,0.06863534675615213,195.98666666666668,3044.0,6644.0,89.0,9997.0,80035201.0,0.00012784495684459602,0.012232424699603766,-311.3066666666667,-3031.0,301.9111115690989,1.0,1545,389.938,1
132.0,80.0,104.0,0.3939393939393939,66.0,16.0,1018.0,0.11774230858200324,313.54545454545456,3044.0,7055.0,96.0,12491.0,73315984.0,0.00010980217489740495,0.01826158555567849,-395.27272727272725,-3007.0,367.5927442426397,1.0,2088,463.007,1
24.0,15.0,13.0,0.16666666666666666,19.0,5.0,26.0,0.09420289855072464,282.4583333333333,3044.0,932.0,20.0,5108.0,9134059.0,2.7529997860459227e-05,0.0019903073631596345,-295.9583333333333,-3043.0,600.2043040475653,1.0,4489,80.46,1
18.0,15.0,6.0,0.16666666666666666,11.0,5.0,13.0,0.08496732026143791,260.44444444444446,1626.0,531.0,12.0,3771.0,5611394.0,2.4852037182102055e-05,0.0014662492635120331,-270.1111111111111,-1631.0,451.1825066655263,1.0,24608,54.256,1
42.0,27.0,25.0,0.23809523809523808,35.0,6.0,84.0,0.0975609756097561,183.92857142857142,1842.0,2140.0,37.0,3931.0,14816047.0,3.3355682717722926e-05,0.003990447329369905,-209.92857142857142,-1814.0,273.1194046267556,1.0,5136,119.526,1
37.0,5.0,34.0,0.05405405405405406,32.0,6.0,72.0,0.10810810810810811,219.48648648648648,693.0,1977.0,32.0,4479.0,14376816.0,3.2694749134983704e-05,0.003794809099112375,-240.8108108108108,-714.0,172.3802894981056,1.0,4009,130.236,1
26.0,26.0,13.0,0.5,22.0,6.0,43.0,0.13230769230769232,218.19230769230768,719.0,1302.0,22.0,3472.0,9180275.0,2.3991261014065424e-05,0.0026203161795740216,-230.26923076923077,-720.0,193.9969384556816,1.0,6956,95.325,1
40.0,24.0,20.0,0.1,29.0,7.0,93.0,0.11923076923076924,312.75,3044.0,1959.0,34.0,7094.0,18473637.0,3.8520332390605305e-05,0.004887617431581767,-334.8,-3035.0,527.5793400048944,1.0,2976,130.05,1
29.0,22.0,9.0,0.06896551724137931,15.0,4.0,12.0,0.029556650246305417,112.96551724137932,1626.0,735.0,16.0,2700.0,7748188.0,3.629644511925013e-05,0.0011343235939962266,-135.48275862068965,-1645.0,294.4073673986385,1.0,8575,52.488,1
70.0,64.0,43.0,0.5285714285714286,42.0,7.0,150.0,0.062111801242236024,133.17142857142858,1132.0,3016.0,45.0,4319.0,25672347.0,5.9251449004733776e-05,0.004981029487170829,-186.31428571428572,-1174.0,163.88833679910084,1.0,2792,202.943,1
134.0,121.0,34.0,0.15671641791044777,60.0,12.0,685.0,0.07687128268432275,178.71641791044777,1229.0,6296.0,84.0,8246.0,68698357.0,0.0001140100008735389,0.012157777957591863,-278.04477611940297,-1254.0,171.71265766119075,1.0,1316,386.421,1
25.0,25.0,3.0,0.12,21.0,15.0,145.0,0.48333333333333334,63.56,398.0,638.0,22.0,914.0,2869848.0,2.226925850327318e-05,0.00038151796676564475,-49.76,-419.0,91.96968196095928,1.0,20411,18.828,0
51.0,40.0,28.0,0.3333333333333333,42.0,9.0,194.0,0.15215686274509804,207.5686274509804,1842.0,2689.0,43.0,4757.0,19516450.0,4.2331476041790634e-05,0.005171818068891932,-231.7450980392157,-1823.0,263.48864939181675,1.0,2455,148.836,1
29.0,9.0,28.0,0.27586206896551724,20.0,5.0,39.0,0.0960591133004926,210.31034482758622,1323.0,1066.0,20.0,3968.0,8771588.0,3.7830490792724036e-05,0.0017109711687671746,-227.24137931034483,-1315.0,281.8177027762761,1.0,18347,59.264,1
19.0,18.0,2.0,0.05263157894736842,17.0,10.0,97.0,0.5672514619883041,123.10526315789474,525.0,752.0,17.0,1039.0,2740752.0,1.5383692301846823e-05,0.0007028221485596992,-107.47368421052632,-498.0,110.96579293735554,1.0,22956,22.069,0
237.0,217.0,58.0,0.16033755274261605,67.0,21.0,2434.0,0.0870342558821426,196.0210970464135,1842.0,11109.0,119.0,13254.0,128221396.0,0.00020764366577130192,0.022444768977584163,-367.40084388185653,-1771.0,218.77955419239066,1.0,993,596.285,1
60.0,47.0,38.0,0.4166666666666667,22.0,6.0,100.0,0.05649717514124294,127.43333333333334,1626.0,1285.0,24.0,4859.0,22539711.0,8.642627893532842e-05,0.002975545170988256,-173.43333333333334,-1658.0,294.42007215692496,1.0,3678,91.251,1
58.0,48.0,48.0,0.6551724137931034,35.0,8.0,170.0,0.102843315184513,177.22413793103448,1842.0,2374.0,39.0,4760.0,21918210.0,4.886814019934269e-05,0.005215322951204431,-213.63793103448276,-1809.0,316.85560174050903,1.0,2909,155.319,1
21.0,21.0,0.0,0.0,18.0,16.0,154.0,0.7333333333333333,49.523809523809526,104.0,368.0,19.0,265.0,281460.0,2.3369903572621038e-05,2.8887579204316924e-05,-22.523809523809526,-67.0,16.76907314251318,0.9523809523809523,51111,6.616,0
85.0,45.0,60.0,0.23529411764705882,41.0,12.0,490.0,0.13725490196078433,234.7058823529412,3044.0,3033.0,50.0,9137.0,40110084.0,9.957783996627317e-05,0.005518994240313552,-281.11764705882354,-3062.0,407.4258766729219,1.0,16050,188.326,1
83.0,65.0,77.0,0.7108433734939759,47.0,12.0,381.0,0.11196003526300323,247.48192771084337,1842.0,3816.0,54.0,8164.0,38611176.0,7.453475305288561e-05,0.009634956258675395,-298.93975903614455,-1786.0,342.214135364563,1.0,584,278.442,1
21.0,15.0,10.0,0.19047619047619047,10.0,5.0,22.0,0.10476190476190476,126.38095238095238,962.0,557.0,11.0,2272.0,3436140.0,3.46090373044343e-05,0.0005260150954331901,-137.0952380952381,-967.0,210.15910180756472,1.0,10734,25.401,0
